id,kate-gfl,kate-gf,gaga-gfl,gaga-gf
a629feef-a78b-4ddd-b018-5d8088b16e6d,international,['CHN'],international,['CHN']
c4d028fb-907c-43e6-880c-4bd55f9b8627,international,"['USA', 'TWN', 'CHN']",international,"['TWN', 'CHN']"
39e48636-d055-431d-a987-e461c52e6520,local,"['55079', '36061']",national,['Wisconsin']
ce8af3a0-ee33-476c-9558-e1eb2c752644,local,['06037'],national,['California']
b57ad900-fe40-476d-9671-49cf03dc0f14,local,['25025'],international,['UKR']
6686f02a-8c6b-45e5-a7c7-bb54ad19e96e,local,['17001'],local,['17001']
faea138db9,none,['none'],none,['none']
575ed1f2-ff28-4a00-8690-be8cd7b87fe3,national,['USA'],national,['USA']
93e484bbe7,none,['none'],none,['none']
d8c14c93-5c27-4473-a0f0-543535deefd3,state,['Mississippi'],state,['Mississippi']
eaa959d0-56eb-4bb1-a81b-74ea284f435c,state,['Mississippi'],state,['Mississippi']
d3ad098d-8fdf-460e-a13a-ff7773a75141,national,['USA'],national,['USA']
29a20809-0ade-457f-b660-bef1831a9e40,national,['USA'],national,['USA']
74f7c31d-8e84-44aa-995f-2ccd5830d5b4,national,['USA'],national,"['District of Columbia', 'Florida', 'Georgia', 'New York']"
09eb33b1-701f-4635-88ce-6ce2e3f9b7ab,international,['KOR'],international,['KOR']
315460ea-4771-433b-bb14-b17283124630,state,['Nevada'],state,['Nevada']
a6c10b8a3d,international,['THA'],international,['THA']
4ac8a992-8807-4e7d-8029-3b1dcf7c6fc6,local,['04019'],local,['04019']
9d1e71c1-8b28-49f4-a26e-7803044e4dbb,local,['12115'],local,['12115']
29d4d1bc-dd3e-4cc2-9f92-59e679eba2a9,local,['32003'],local,['32003']
5f5dd77d-0a79-4143-90ba-f8090f633532,local,['27009'],local,['27009']
82e386a551,none,['none'],none,['none']
b12b45b6d9,none,['none'],none,['none']
2806a7cd07,none,['none'],none,['none']
a54a9ecb51,none,['none'],none,['none']
55bc30a7-eb94-4ee5-9a11-b0092e9c058e,state,['Idaho'],local,['53075']
b88c5c39-ac9b-47b8-96c0-dfb2785525ed,local,['16057'],local,['16057']
d93ed1807d,none,['none'],none,['none']
090056b6-803b-44bd-8080-2e3b0cf6827f,international,"['USA', 'ISR']",national,['USA']
2c7177fe3b,none,['none'],none,['none']
f01e22b0d1,international,['ITA'],international,['ITA']
8d5fe049-0c95-44ea-80e6-fd941eea45b6,national,['USA'],national,['Ohio']
5302fb45-ca4c-4d6b-a8e7-55a7d5e43e82,national,['USA'],national,['USA']
7fd9cd1a-4203-477a-bfce-7b436aa2b3df,national,['South Carolina'],national,['South Carolina']
af3ffbd1-e4c2-4724-8cdc-404da686410f,local,['01053'],state,['Alabama']
5262d538-dbca-4ade-8194-97e10520027b,state,['Mississippi'],state,['Mississippi']
5869450e-fd18-48d2-9539-447e0d4720ab,national,['USA'],national,['USA']
442d363696,none,['none'],none,['none']
7d62be55ff,none,['none'],none,['none']
f91bb97d4b,national,['USA'],national,['USA']
23f69ae2-dd6d-463e-b0dc-fc38fc2402e4,international,"['RUS', 'UKR']",international,['UKR']
2388b108-6e51-40d0-9523-b228097c2bd5,local,['06113'],local,['06113']
2d6be33bb8,local,['06113'],none,['none']
04445c7138,none,['none'],none,['none']
fc6b2322-5c46-4093-945f-1e2052d66579,state,['Minnesota'],state,['Minnesota']
a365af0b-e050-40fd-90bf-0d56f0544b7c,international,['UKR'],international,['UKR']
99fd9451-1b12-43d9-a2f0-c9db9e87243a,local,['12023'],local,['12023']
a09b55cf-f151-4b2f-8fe5-240684ff507b,local,['16001'],local,['16001']
015c3d9a-9ddd-46da-aa8a-964683d86946,state,['New Mexico'],state,['New Mexico']
f390608a-a7e8-4322-9241-3a8f793e5108,local,['08107'],state,['Colorado']
935d9294-3a55-4a4d-91ec-3e95ca995ed0,international,"['USA', 'UKR', 'AFG']",international,"['UKR', 'AFG']"
d99ed047-8797-4d19-8eb1-9ad2c055338d,state,['Alabama'],state,['Alabama']
4db9ff16-a6b6-4b53-ba43-17efd99da480,none,['none'],national,['USA']
bd651812-6d31-46e4-a2e4-c37d89e5efa3,local,['53027'],local,['53027']
db4f5b829b,local,['29189'],none,['none']
0cff9b35-e2dc-4dbd-a787-587d503d4067,state,['Wisconsin'],state,['Wisconsin']
221e3eb80b,none,['none'],none,['none']
8cb79c46-41fb-4d1f-a89d-7409dcbb3c0c,state,['Alabama'],state,['Alabama']
571eb33d-5f98-46bc-91bb-b2177672734f,state,['Alabama'],state,['Alabama']
7874689e-a980-44a1-8ea1-c7020907750e,local,['01041'],state,['Alabama']
b59ca469-9d54-483a-b577-e698c0ac1263,national,"['Alabama', 'Mississippi']",state,['Alabama']
be3428ab-6084-4f85-89e4-dd3e7a28d934,local,['01073'],state,['Alabama']
bb443726-7b31-4c15-a941-1d56f62dd3b1,state,['Alabama'],state,['Alabama']
91aca780-292c-44cf-a291-9d3216229055,state,['Alabama'],state,['Alabama']
7a177bc2-908f-4a00-b8f6-7880fb2d4af0,local,['16083'],local,['16083']
a16fca7c-3059-4b48-9a8c-86784a3c0874,state,['Arizona'],state,['Arizona']
6857889a49,national,"['Alabama', 'USA']",none,['none']
86913d4d-ee38-40b8-a717-5aa86555f2a1,local,['16019'],local,['16019']
3a5ecc72-e59d-49d2-92b1-4d7f86ababd2,state,['Alabama'],state,['Alabama']
707530f0-9e19-44c6-a627-117ae75d5e8d,state,['Colorado'],state,['Colorado']
89b1812d54,state,['Colorado'],state,['Colorado']
89cad522-2fb6-4093-bd36-21302cc79dc3,international,"['RUS', 'UKR']",international,"['UKR', 'RUS']"
6b7f5b22-740d-4669-b89d-8014d6066eab,local,['21005'],local,['21005']
a246ab21a9,international,['MEX'],international,['MEX']
8c93212e-5339-4d9e-8560-691e3564bce0,national,['USA'],national,['USA']
cafabe43e3,national,['USA'],none,['none']
343f328833,international,['ITA'],international,['ITA']
bdd535b1ff,international,['HTI'],international,['HTI']
286f1098-2734-4f96-b77d-9a3807156cf2,international,"['IRN', 'ISR']",international,"['IRN', 'ISR']"
869f5085cb,none,['none'],none,['none']
5c90f348-d3c7-4df0-8873-57cbb375fb4f,state,['Kentucky'],state,['Kentucky']
fa416f2e-a4f6-4dfc-a786-fd5bd7750cd8,state,['Connecticut'],state,['Connecticut']
46d76c14-f00a-440a-996f-14c4c8e89ee1,local,['24005'],national,['Maryland']
dec4ae37-afd3-4238-a6c0-93d6adc09697,local,['08091'],local,['08091']
5d86917c-5678-48cd-865e-794c43aaf6ff,state,['Arizona'],state,['Arizona']
28076b83-fbcd-4eb2-889e-5882f67586e0,local,['04013'],state,['Arizona']
2cd47e19-3115-4571-9591-20dca9de09d2,state,['Arkansas'],state,['Arkansas']
91bc2fe4-495d-49ef-9ec3-0316fc8438d7,state,['Arkansas'],state,['Arkansas']
f238b9929b,international,['NZL'],international,['NZL']
24412dff45,international,"['ARM', 'AZE']",international,"['ARM', 'AZE']"
d69961d6-70d6-4872-a469-bf26c8a65505,state,['Minnesota'],state,['Minnesota']
2bbed37d80,international,['UKR'],international,['UKR']
f5f3b51b-8b94-477e-9e09-47bf6c87d672,state,['California'],state,['California']
feb4ada4-9e0b-4c2c-aa2b-d0144d3f9e60,state,['Delaware'],state,['Delaware']
10ad2b8f-9a25-4b76-ac77-9427ac103429,state,['Kentucky'],state,['Kentucky']
e6e900df-d218-4ef8-9d65-aa0cf6e04757,national,['USA'],national,['USA']
bf4ccf2f-eecb-4a48-8dcd-fbef2b1ec05c,local,['21217'],local,['21001']
4d0843af-a6d1-4642-9db1-bd10f092db51,international,"['AZE', 'ISR']",international,['AZE']
4ad5b23f-0083-4d5b-aac2-374c755d6376,local,['06097'],local,['06097']
44139bcd68,none,['none'],none,['none']
b4a84143-4626-4546-b560-1f452e23c031,international,"['PSE', 'ISR', 'ZAF']",international,"['ZAF', 'ISR']"
71e13b54a6,state,['Minnesota'],none,['none']
45f5d660-999b-4bc8-8f68-8ddd368f5776,local,['06097'],local,['06097']
ccb66c80-1cc5-4b1b-ac42-d9719dd123ee,national,['USA'],national,['USA']
e465fe35-4086-425a-866e-983865f4363c,international,['IRN'],international,['IRN']
b9ae091bca,local,['06001'],none,['none']
e6f7d776-6c14-4fd6-aedf-1b0e6d2a98c1,local,['04013'],state,['Arizona']
82485b24-1c46-4643-8bfb-ba2ce62b7458,local,['25017'],local,['25017']
98494910-84b9-47bc-a023-4ac913f08138,local,['55079'],local,['55079']
ed5b31ec-8749-4675-8d8b-c9974868ef46,state,['Wisconsin'],state,['Wisconsin']
32c0aef1-4925-406c-82ce-c7776487dfdf,local,['29015'],local,['29015']
f141dc5dd2,international,['IND'],international,['IND']
a444b231-73d0-43f8-ad52-9aba01ac1658,national,['USA'],national,['USA']
974278a6-d4ed-42d3-a5ed-f827cb399e06,national,['Alaska'],national,['Alaska']
4a5f4827-c21d-43bc-9fe7-aa78b40738fd,national,['USA'],national,['USA']
ee4d3c6b-cc5f-4e26-877a-2225c3616cc5,state,['Georgia'],state,['Georgia']
b31f52a7-7b66-413d-b081-28e52e669eef,national,['USA'],national,['USA']
641b28f0-49a6-4ae4-81eb-d0800d084387,national,['USA'],national,['USA']
07ff5e50-c805-4d1c-b96c-cf4e43467c63,national,['USA'],national,['USA']
a612ae72-9f87-4c4e-88a2-b07c379f50cc,national,['USA'],national,['USA']
4ef4156f-e685-40e3-86a5-53e5b6fc43e9,local,['10005'],local,['10005']
c61082c0-c6c8-4ac6-90f2-daba125a932d,national,['USA'],national,['USA']
19ef1318-ea4a-45a9-b663-36613524928d,state,['Georgia'],state,['Georgia']
4b0a6799-2ddf-46bc-bea1-2bf846380772,national,['USA'],national,['USA']
bff61b84-bcf9-47ea-8359-c8f85dfa28a0,national,['USA'],national,['USA']
e77148b3-1c3f-4e3d-a919-d3cf9a2d88f4,national,['USA'],national,['USA']
3310e3bbba,international,['NZL'],international,['NZL']
cded679a74,none,['none'],national,['none']
8e4846ff-bce6-4eaf-9fc7-e46122819c5e,state,['Alabama'],state,['Alabama']
e211c073-7dd9-4473-a425-035c49e885e7,national,['USA'],national,"['New York', 'California', 'Maryland']"
54c42023-2604-41b7-a38c-2210ee4c72fe,local,['16019'],local,['16019']
a591e15b-a054-4ee8-b212-3336cf4c0eaa,local,['10003'],local,['10003']
aa2be1dfc5,none,['none'],none,['none']
ffe74265-9436-4280-b819-64281e216797,local,['54029'],state,['West Virginia']
768a431dd4,state,['Colorado'],state,['Colorado']
e07d3c2c1f,state,['Colorado'],state,['Colorado']
6c3b4be8ea,national,['USA'],national,['USA']
35e6a7de-becd-4af5-97e4-87c26b38f58a,state,['California'],state,['California']
702c581d-232a-4a50-a417-190ff6ba05cb,state,['California'],state,['California']
5434c4da10,national,['USA'],national,['USA']
7e0261c34a,local,['13179'],none,['none']
976409e592,none,['none'],none,['none']
c44b5c8164,none,['none'],none,['none']
992febdd-fbd2-4224-88f6-160cf95f9d80,local,['32003'],local,['32003']
4f6bf209-2c08-4c61-8f59-c181a6104ed3,state,['New York'],state,['New York']
addb6bfa-c3ee-4988-b52a-07b48f952044,local,['36001'],state,['New York']
a97aba91-2278-4087-b323-a71aeed0ff46,local,['08031'],state,['Colorado']
4b74a54c-0a5d-4bb9-8e48-c741fdfec3c6,national,['USA'],national,['USA']
fea4dc21-009b-4d38-8961-9c91f65257bf,state,['California'],local,['06037']
865bb974-8585-441d-83a5-da7cf2905936,national,"['Virginia', 'Washington', 'Maryland']",national,['USA']
bd3db3a5-0bff-499d-bffb-15799a5e299d,local,['32003'],local,['32003']
4e3e92b6-de69-4cc8-9d07-d1b197e8fab4,local,['24027'],local,['24027']
5181cbd3-8472-4e14-972b-ba9bfe71b5e1,state,['Mississippi'],state,['Mississippi']
ea8b9bff0b,none,['none'],none,['none']
dc0e6f7a-8a0a-4b58-abe7-74ccf9a39f7b,local,['53011'],local,['53011']
832af7de23,none,['none'],none,['none']
29c88bbf-101e-45c4-a169-de180908276c,local,['32003'],local,['32003']
083fa94f-1ed1-4a90-8175-dedecbcc67c2,state,['Minnesota'],local,['27021']
dc2a17cbb2,national,['USA'],national,['USA']
45df4b36-707e-4f29-b185-261a5b1abbb5,local,['28041'],local,"['28041', '28109']"
9bf41218-c655-4c06-a893-71c1aa0c4ecb,local,['17021'],local,['17021']
30a23840-7ca9-468f-8391-43872faa3b1d,state,['Mississippi'],state,['Mississippi']
42617500-af76-4e14-b77a-64a183e8c373,state,['Mississippi'],state,['Mississippi']
dc8f64a25f,none,['none'],none,['none']
1d5e2257-8494-4559-9322-ac734083ca50,state,['Mississippi'],state,['Mississippi']
9ff1b27106,none,['none'],none,['none']
e630cffdc8,international,['UKR'],international,['UKR']
7fede2aa-7e28-419a-8870-68a44d38b665,state,['Alaska'],state,['Alaska']
d027dfa6-e12e-4ab5-abef-005a06331be3,local,['02020'],state,['Alaska']
42c177ff-887c-4685-8a6d-513aeea608b6,national,['Florida'],national,['Florida']
d8322e3e-0134-4100-9b88-f043662f4075,national,['USA'],national,['USA']
6e716f2d-f564-4504-a108-24a38a52254c,international,"['RUS', 'UKR']",international,"['UKR', 'RUS']"
6068fc62-a9d2-4526-ae05-3292a9e708d0,state,['Mississippi'],state,['Mississippi']
92ae07b834,none,['none'],none,['none']
a147f095e7,state,['Colorado'],state,['Colorado']
52ef57bf-b4e6-4fb6-bb00-908cbdeb0724,state,['Colorado'],state,['Colorado']
4e04fbb5-793e-4a1f-8974-b656872fba37,state,['California'],state,['California']
5538e6ce-68c1-4006-8733-fa7cc5554a2a,state,['Colorado'],state,['Colorado']
012ed50f-4887-447b-936e-5f50de195937,local,['06073'],local,['06073']
362deef6-ac5a-4969-97fd-08589f77fd19,state,['Mississippi'],state,['Mississippi']
896510945c,none,['none'],none,['none']
b907fa7e-0cbf-47ac-aeff-d5622890c675,national,['California'],national,['USA']
37259edb87,international,"['USA', 'FRA']",international,['FRA']
92d02f5c-2950-462a-88de-5fff4b7424d5,local,['02020'],local,['02020']
2159bb1b27,none,['none'],none,['none']
6c4eb14c39,none,['none'],none,['none']
c9409d92f0,state,['Colorado'],state,['Colorado']
e2e0fa74-e731-437a-afd0-f178502d7203,state,['Colorado'],state,['Colorado']
e4de44fcaa,state,['Colorado'],state,['Colorado']
96a4702052,state,['Colorado'],state,['Colorado']
b5e0ce33-5706-4f6b-bea3-4e43b05b7f0d,international,['ISR'],international,['ISR']
6165b8e3-666c-43e4-9f4d-c88297fce18f,local,['19121'],local,['19121']
93af2480-d2b7-4acb-b5d9-b643d7225319,local,['36103'],local,['36103']
9574efef-d258-4c37-b718-aebee5f64eba,local,['36103'],local,['36103']
c5748bb5-a3a1-4ced-8eb6-39b93f15ef5a,local,['27085'],local,['27085']
22f0d48c-c437-49f5-b999-c1318527e9ca,none,['none'],national,"['42101', 'Pennsylvania']"
d2585787-d40c-4e7a-9987-495e7e35eca7,local,['08005'],state,['Colorado']
79ab3235-d2fb-463e-93aa-4ed2a1d414fe,international,['ISR'],international,['ISR']
8df6b52955,none,['none'],international,['TZA']
bd2e34d0ac,none,['none'],none,['none']
c0a1666036,international,['VEN'],international,['VEN']
ef4930fa6a,international,['VEN'],international,['VEN']
6b986bd328,none,['none'],none,['none']
d7765eab-e506-4cfd-b35c-f8f7c4526733,international,"['PSE', 'ISR']",international,['ISR']
37c6a197-0c26-421c-a62b-87dbdcc1dd0a,national,['USA'],national,"['Colorado', 'California', 'Oregon']"
b21d51cc75,none,['none'],none,['none']
e89dccf673,none,['none'],none,['none']
8efb4ece-d74f-4bf1-976c-cdadda4fd118,local,['12071'],local,['12071']
7e5cb3c1-22f0-40bb-be93-31a8d03cafd6,national,['USA'],local,['06037']
c294f5d9-8b63-407a-b714-5a027e1f54eb,state,['Alabama'],state,['Alabama']
b716e1d7d8,none,['none'],none,['none']
07191e694c,none,['none'],none,['none']
0b420215-7c2d-49fb-8d2f-3137ad0be316,national,['USA'],national,['Utah']
abe36ee0-1ca5-4a11-8156-facb84be1398,state,['Florida'],state,['Florida']
2ad3f21b-23ad-4f04-b1ce-52afd339aee5,local,['36081'],national,['USA']
433e1a04-eb13-4abb-af2c-e1e73102df9f,local,['51153'],local,['06009']
6e2327f0-8d3f-4513-b595-57898400d3c1,local,['04001'],national,['Arizona']
01ecce59-398f-49f0-9d1d-2b65e8dc257c,none,['none'],national,['USA']
ab29bb55-1cbf-437a-b223-8d875e510453,local,['06067'],local,['06067']
adb5f038-2c2b-4112-bea6-2cf94741e20b,local,['06067'],local,['06067']
f0d0c239-7e4a-49a9-993d-8043860ff465,national,['California'],national,['California']
12067365-d69b-4f0d-b7b5-20646a4d6b3f,national,['California'],national,['California']
598013a0f0,state,['Minnesota'],state,['Minnesota']
6541961d8d,none,['none'],none,['none']
ebf93ae1-0ea2-4ae7-a7c8-c8be240c5b15,local,['53011'],local,['53011']
96bbf145-0340-45f3-8905-6e1b2c52afcf,local,['53011'],local,['53011']
303466a5-92a5-45ed-aa2a-d776365988c8,local,['01081'],local,['01081']
cec100e8-5ded-4f2e-97ed-fa655af093b1,international,"['USA', 'CHN']",national,['USA']
0eecf000-3085-45b7-9dfe-d13ac5e7488a,international,['CAN'],international,['CAN']
37796ade-ccaf-4aba-9cdf-e5faaa575643,local,['24015'],local,['24015']
8a2155b4-ca04-4985-917f-2b1bb0893209,local,['39035'],local,['06105']
87b2571b-802d-4786-8d65-d921487b56ea,local,['06037'],national,['Florida']
b7841ace-1040-4ccd-bb5a-168ec89c693e,local,['01021'],local,['01021']
e829f521-768a-4653-998a-bb7166b71840,international,['CHN'],international,['CHN']
4e529b78-7df7-414c-b617-afc0ddea0084,international,['VEN'],international,['VEN']
6d0b1ae4-5ee6-4639-8a58-059f732017a8,state,['Tennessee'],state,['Tennessee']
46665ff7-ad9b-45bf-92d5-b020e54b3b97,international,['KOR'],international,['KOR']
f1482666-debb-4b98-b4b9-a344f2dda78b,state,['Mississippi'],state,['Mississippi']
7656b6b6-5e3a-49ae-8739-d7ce18176d42,local,['02130'],local,['02130']
3a0f9340b8,international,['HTI'],international,['HTI']
9583e959-2212-42d0-bdd9-8f62a1db95e7,local,['13063'],local,['13063']
c3f919dd-1921-4c87-b71a-a279ae8b681b,none,['none'],national,['USA']
73281440-a902-41b8-86b8-350d12a6c641,international,"['GBR', 'USA']",national,['USA']
b14bb621-0ca3-4249-925d-f2d2fa8d5bc9,local,['06037'],national,['California']
07732f07-9874-4333-9567-44703233d3d9,local,['08035'],local,['08035']
56eb19c9-384a-4a20-9a8c-59ae2552d6ba,state,['California'],state,['California']
3c163e5f-a6bc-44af-a885-4b243144324e,local,['26125'],local,['26125']
3ac46c1f-94a8-4f11-a8af-4831f958ab24,state,['California'],state,['California']
3c9d6a8a-a520-4cc8-ae48-4386b0584c7b,state,['California'],local,['06037']
060d0cba-b911-4d28-8c32-d4f9a4d6ad1d,national,['USA'],national,['Florida']
769a05e5-7364-4c26-9e7f-cd6976c8c805,state,['California'],local,['06037']
559ada52-72cc-487b-91b2-16db9b2ba55e,local,['05087'],local,['05087']
6c09fd1c-7115-40db-8791-5bf54fd49460,state,['Arkansas'],state,['Arkansas']
e0fd2220-5685-4d9b-bb29-0df04439babe,local,['06069'],local,['06069']
c25cbcab-3720-465a-a894-5cd93038e932,local,['05031'],state,['Arkansas']
17137ab5-7d83-4bfe-b8fc-b1d4baceb3ad,state,['Arkansas'],state,['Arkansas']
dceb7e33-bc2d-4983-82bb-54618d4e3734,state,['Arkansas'],state,['Arkansas']
4179344a-2497-4518-a818-5c128332dd7b,state,['Arkansas'],state,['Arkansas']
02fde5b8-b35e-4504-a449-76bf54de6924,local,['05125'],local,['05125']
5c5ca07d-7e71-4585-ba78-1c459db28712,state,['Arkansas'],state,['Arkansas']
c84fe04e-2867-4469-9a3c-46ef2dd37d49,national,['California'],national,['California']
735563f1-e620-4d23-8c13-f3b2b0e9b412,national,['USA'],national,['USA']
bec6bfe8-d977-454b-b7f0-ba471a4e8d2f,international,['USA'],national,['USA']
ee943ba7-6c98-4fe0-8d03-83091e62b0c3,local,['06073'],local,['06073']
6d749506-00ee-4b6d-b046-3b8c453468b3,local,['19103'],national,['Iowa']
319f9d1c-035a-49ed-9ad6-78f63e154e95,none,['none'],national,['USA']
cdbd5865ba,state,['Colorado'],state,['Colorado']
08c97bfc7a,state,['Colorado'],state,['Colorado']
98f707c9-aa35-4b64-8bd7-7afdeff923e0,state,['Maryland'],state,['Maryland']
a928cbf45f,none,['none'],none,['none']
9fc078fb4c,none,['none'],none,['none']
79a9b31f30,none,['none'],none,['none']
eca9b009-9552-449f-afeb-af14e919b00c,national,['USA'],national,['Oregon']
5ea1879f-204e-4601-b569-a36fcc9ca339,local,['01031'],local,['01031']
db0d4e75dd,state,['Colorado'],state,['Colorado']
d8597d85ec,state,['Colorado'],state,['Colorado']
3fc980ef-e2e6-485a-84cb-8be33e98276e,state,['Colorado'],state,['Colorado']
f36693b226,none,['none'],none,['none']
cd4caf9600,none,['none'],none,['none']
e313e6a2-5203-4e75-93e3-b5f2dbde0904,local,['06085'],local,['06085']
c0c4a9d908,none,['none'],none,['none']
68be016f-95fd-44b5-a667-2258d50232b2,international,['CHN'],international,['CHN']
12c95289-770e-447b-99dc-a4d6e0cc9422,international,['RUS'],international,['RUS']
7e514f8b-3df0-434e-8808-ea520106efe6,state,['Minnesota'],state,['Minnesota']
fb820c0e-14e3-4807-8bc0-32e0d7238dec,national,['Nebraska'],national,['Nebraska']
d1044631e3,international,['IRN'],international,['IRN']
49e9134b-9193-42f1-b6ce-2a0e1cec5ccc,national,['USA'],national,['USA']
86d31a5de3,international,['IRN'],international,['IRN']
4b76d57fca,international,['IRN'],international,['IRN']
9107a44b-253c-496d-8b1c-b3a05766c468,national,['USA'],national,['USA']
945e2c11-5c83-452c-8b25-c9e7e79d3f80,national,['USA'],national,['USA']
fb5c0a4e-27b4-40e7-a764-4b6f8a4e0f7e,international,"['UKR', 'RUS']",international,"['RUS', 'UKR']"
ee930d7d-0c71-42ee-bc08-b2fd8ec02937,international,['KOR'],international,['KOR']
b65e9e49c7,national,['USA'],none,['none']
2c774a1e-23a9-4cbd-a031-cc9586503934,local,['17031'],local,['17031']
dbda1fce3f,local,['35027'],national,['New Mexico']
328713cb-c17e-458b-bd97-0bbe1be0b22b,local,['36069'],local,['36069']
320e4c45-0191-47ed-8285-4328b24d7bab,national,['USA'],national,['USA']
60bd033ca1,none,['none'],none,['none']
2b5f1948-fa14-4f52-b7f3-62dd78b2b5ab,local,['31105'],local,['31105']
42fc2e72-1e63-488d-9ec9-bfea3883e273,local,['28033'],local,['28033']
ed30194e-ecdc-45d1-81c3-e0702a0d57dc,local,['28033'],local,['28033']
78b2505a-ad2d-4e58-a5ee-e6cc914adcbd,local,['31029'],local,['31029']
ea1fcaf7-a31f-491a-a345-a271c2bc0c0d,local,['31029'],local,['31029']
a1aef777-a659-4c70-89f1-e9b26622f7f9,local,['37083'],local,['37083']
5de7d18d-8469-45ba-a771-611e29c9ccaa,national,['USA'],national,['USA']
19882ea9-c305-4100-9767-2a920731a00b,state,['Wyoming'],state,['Wyoming']
9897fa60-d33d-4949-b11d-3707fd1f050a,state,['Wyoming'],state,['Wyoming']
6b22afa8-d666-4d6f-9a99-39491d284f84,local,['53011'],local,['53011']
ebb112e4-ffc7-4a4c-943f-7642778d8ad5,state,['Connecticut'],state,['Connecticut']
d6c66df9-435f-4a74-94cb-aeafc7934515,local,['06067'],local,['06067']
46695a4464,none,['none'],none,['none']
577bf3e8df,none,['none'],none,['none']
9640fef9-5773-430f-b2c7-9805e7216e7d,local,['28049'],state,['Mississippi']
95c6f47b-a1a8-43a2-8755-6dceeb2fc468,state,['Washington'],state,['Washington']
4ace0e49-cc37-423a-83b4-ec1785f31a0e,local,['56025'],state,['Wyoming']
3b1b57a9-404e-4f08-9e66-be4941ee87b7,state,['West Virginia'],state,['West Virginia']
481bd6b1ae,international,['IRN'],international,['IRN']
4716501a95,international,['ARM'],international,['ARM']
fdcfd8518a,international,['TWN'],international,['TWN']
a55c44bdb4,international,"['USA', 'RUS']",none,['none']
3f271e0719,none,['none'],none,['none']
42894625-e0be-41f2-a7bc-6f8d0aa4e4d0,state,['Minnesota'],state,['Minnesota']
b6188e8264,none,['none'],none,['none']
d2b89980-e5c7-46fb-b220-b686d953dedd,national,['USA'],national,['Pennsylvania']
600745d7-3bbe-416d-960f-a1113e8ce7a1,national,['Ohio'],national,['Ohio']
4dcd1337-a37f-499d-b3fa-e63c769d9db9,local,['36077'],local,['36077']
8fcf26b6-fdff-4fc3-a320-85c5175729cf,local,['36077'],local,['36077']
d1355d12-b51d-4887-aa2f-8a17d637dd76,local,['28033'],local,['28033']
ab3cb056-6ee7-4e14-a052-3b70c1c50921,local,['28033'],local,['28033']
cc77bb2e35,none,['none'],none,['none']
cbdb1a55-51aa-4228-bd5d-31be5e58bec3,local,['53067'],state,['Washington']
fbe8ac66-0ae8-48fc-926b-1732f5ab360f,local,"['12019', 'Florida']",national,['Maryland']
4b113b436c,none,['none'],none,['none']
7231d562-9bf9-4ccd-864d-f6562a2b2c0f,national,['USA'],national,['USA']
30c2fe28-2d62-4c13-8ec7-c3dab86f6d7d,international,['ISR'],international,['ISR']
ece18ec6d8,state,['Oregon'],state,['Oregon']
7fb29f72-c76b-4b7d-9634-8907908b6af1,local,['28109'],local,['28109']
089e5732-8298-4153-81d1-a6844a53b3d7,local,['53015'],local,['53015']
8cf6728a-8ac8-4213-bf57-4e5711d5fcf0,international,['MEX'],international,['MEX']
2d5740e6-1059-4c05-b3ab-c7b71e9cc965,local,['37061'],local,['37061']
c9abf109ce,none,['none'],none,['none']
12039e54-481b-4d16-b48f-2259a77ee281,local,['31029'],local,['31029']
a366a656-e7ae-417c-8941-66f103941502,local,['28041'],local,['28041']
1de29878-387b-4c51-9031-8b93b88f1593,state,['Alabama'],state,['Alabama']
f6886aad-b850-41cd-9b2f-6f1c5b41690a,national,['USA'],national,['USA']
fa788af46c,none,['none'],none,['none']
97cabb2fba,none,['none'],none,['none']
60fd1a538b,international,"['RUS', 'ARM']",international,['RUS']
2c4407b1-8454-43b1-b37b-a5fd32255a92,local,['32011'],local,['32011']
b92ada3f-1f38-4111-aa15-e1954cb8fca6,international,['KOR'],international,['KOR']
c3a4fafa-847c-4686-a83c-11a69088f212,national,['USA'],national,['USA']
555b3d21-523e-454f-a093-0c9c0207c4ea,local,['36117'],local,['36117']
0429dcc5-f98f-4fdc-994f-41f1a344cdd6,state,['Iowa'],state,['Iowa']
163d60ef4a,none,['none'],none,['none']
60718847-4328-4e50-ab76-b191fcbe0bda,national,['USA'],national,['USA']
ee929e3c-78d6-4428-804b-fc387bf26104,international,['IND'],international,"['IND', 'LKA', 'PAK']"
fbee0d206e,international,['PAK'],international,['PAK']
5789c25c-a2a3-488f-af92-6a0e23ff4f0e,local,['06039'],local,['06039']
d515b3a8-f487-4ca3-9398-108a4f172897,state,['California'],state,['California']
dab87070f7,none,['none'],none,['none']
4f89855b-db3d-4f24-8660-fe478c287c9b,local,['17051'],local,['17051']
56328c78-e215-4675-9489-e2b295e8e57d,local,['31039'],local,['31039']
e57bdcca-7875-4241-a064-94b433f64353,local,['13099'],local,['13099']
1947a76949,none,['none'],none,['none']
6f0232d3-31a2-4a12-8d1a-a72f0249f5a8,state,['Idaho'],state,['Idaho']
ee098c62ec,none,['none'],none,['none']
5f869a1fff,none,['none'],none,['none']
b3ceaa6ff4,none,['none'],none,['none']
bad6f396-dfe5-4b3c-8b05-33f97ea4b99b,local,['56025'],local,['56025']
93c321ea4a,international,['UKR'],international,['UKR']
7f41c019-279d-4f8c-8467-ffd02301ff07,local,['15007'],national,['USA']
c241900c-993d-424d-98a6-8ade92ec4993,international,['GBR'],international,['GBR']
c6ffbfae-c8a6-400d-acbc-e4b91ab81917,state,['Pennsylvania'],national,['Pennsylvania']
c9ae71f1-cc2c-457a-92ac-686be405fc2f,state,['Alabama'],state,['Alabama']
c5cc422e-c030-400f-af9c-6e32ea51969c,local,['06079'],local,['06079']
d317cf20-7922-41d4-9615-28302dade71c,local,['12057'],local,['12057']
ab15649181,international,['VNM'],international,['VNM']
dfcabd32-fb2c-4064-8ef4-c58ba81bfd97,national,['Florida'],local,"['37107', '37079']"
1a916c9e-ae01-43fd-bc7e-7e3cd883505a,national,['Florida'],national,['Florida']
61f91920-09f7-4094-a444-00b2028e057b,national,['Florida'],national,['Florida']
12579527-2029-434f-9759-fb5ad8fec3af,state,['California'],state,['California']
3c8250bc-49d2-46dd-9fb4-cd025198a607,international,"['PSE', 'ISR']",international,['ISR']
10628126-d1c6-4a5f-96c8-18f79ba4ea6e,international,['PRK'],international,['PRK']
118f8441-7764-430b-a95b-d6dba78190d1,international,['RUS'],international,['RUS']
118d3dfe-3cda-4ba1-b199-06a63a428678,local,['55079'],national,['Wisconsin']
976ffdf3-6f50-4295-b1e1-e9ced272a9fa,national,['USA'],national,"['USA', 'Massachusetts']"
8fd96e04ce,international,['VEN'],international,['VEN']
e16aa07c-0c7f-4c88-9315-423413b771a4,local,['17049'],local,['17049']
21cdb85344,none,['none'],none,['none']
ea118557-b01d-4a8a-9c21-d31434563c8a,national,['USA'],national,"['Ohio', 'Florida']"
909115772a,none,['none'],none,['none']
03e36599-e7e7-4a0a-b42a-92aba5f69bfa,local,['36059'],local,['36059']
5769d2efc1,local,['06113'],none,['none']
be126d0c-69de-4acf-8fb7-e962c5c2a88f,local,['06081'],local,['06081']
fa20fcb2-deaf-40ff-aa21-4a32c01aa144,local,['06081'],local,['06081']
68e1f65f-fbe0-4a61-a16b-c01f3c38eec5,local,['06081'],local,['06081']
f2282a14-c107-4b6b-9757-cba8bce54bd7,local,['06081'],local,['06081']
8d2a18b0-59cb-4cc6-9f1b-d25dc577ccee,national,['Florida'],national,['Florida']
6436be800e,national,['USA'],none,['none']
2d6df24c-4d09-40c6-81f8-32653c9a3a9c,international,"['DEU', 'GBR']",international,['GBR']
559f2b50-b032-4ecb-b0c5-ad09b6a541b4,state,['Alabama'],state,['Alabama']
dc4dda4a-1028-4bec-ba80-e0285cd61aa6,state,['Minnesota'],state,['Minnesota']
2ad8db4c-231e-44a1-b4b3-5a3a1fdd8420,local,['27099'],local,['27099']
903cf1fd-d6d1-4aa8-8375-6e3fa7dad1b2,state,['California'],state,['California']
490e455e-e136-4fde-9bd1-47556a5d2672,state,['California'],state,['California']
61a47012-bd93-4890-b36b-c1207850fa2e,state,['California'],state,['California']
93d82514-f9e1-41d7-bb73-2e2876b97169,state,['California'],state,['California']
44bca837-bdf5-46ce-a65d-f525ffbfc80f,state,['Alabama'],state,['Alabama']
c47b75cc-260c-4066-aa09-a4f4dcbdbd2f,international,['ISR'],international,"['ISR','PSE']"
e407f111-e6f3-4978-a95c-84afde94f85f,local,['06067'],national,['USA']
bc4f7c2e-1232-4767-bb49-cfb29f945901,state,['Mississippi'],state,['Mississippi']
2c232e1f45,none,['none'],none,['none']
9dc9769b-350f-4d54-a01f-7723c7114134,state,['Wyoming'],state,['Wyoming']
418b1021-3733-4174-ac5d-8d52cee33f63,state,['Wyoming'],state,['Wyoming']
a7dcb01ed7,state,['Colorado'],state,['Colorado']
cb7c0cb9-cc41-45ee-a466-0ba6bf2ef9d9,local,['53011'],local,['53011']
4dfc224dbc,national,['California'],state,['Virginia']
3da3a8e2-dd7f-4bc5-a046-af57e623e31c,state,['Idaho'],state,['Idaho']
a4cc4e04-24fe-40b3-be94-0248b99b2c9f,state,['Mississippi'],state,['Mississippi']
37b1c172-a878-476e-b2f9-6ed768fe037e,state,['Mississippi'],state,['Mississippi']
78210ded38,state,['Oregon'],state,['Oregon']
742ee758-ca5f-4068-83cd-0af36af805d9,state,['Nebraska'],state,['Nebraska']
0129c37a25,none,['none'],none,['none']
e59a6a1049,none,['none'],none,['none']
69484016-e516-417c-b61f-e93fdd3df93b,local,['21085'],local,['21085']
537d70fa-2b3a-4c47-9f5b-18374d2792a0,local,['17075'],local,['17075']
847f337225,local,['06083'],local,['06083']
ca82c874ab,international,['RUS'],international,['RUS']
29f43375-90e8-4cb8-9bda-aa0e0baee1c9,national,['USA'],national,['USA']
3282585b6b,international,['HTI'],international,['HTI']
8cbedc17-26f4-48d0-833f-10c6b1232726,local,['24025'],local,['24025']
1931f52cbd,none,['none'],none,['none']
a0d9dbdd-353e-40e4-afce-436e8ff03bea,national,['USA'],national,['USA']
13cc7cf3-b5bd-4a54-a884-039d3b9403cc,national,['USA'],national,['Pennsylvania']
c4d2d027-a647-4b7d-9576-7b072c51c530,national,['USA'],national,['Pennsylvania']
abd205af-72a5-48d2-bedc-c96aca8f771d,international,"['USA', 'PSE', 'ISR']",national,['USA']
799fc540-8ba4-4956-a023-cf3c8a1279d7,local,['31029'],local,['31029']
54220a6d-4655-4847-97b2-ffc313827c37,local,['25027'],national,['Massachusetts']
589d499b-7f27-4982-b3f2-30d5e257d262,national,['USA'],national,['USA']
ae7f7010-1a19-48ef-b5a7-f55023f6155a,local,['21103'],local,['21103']
d6804c62-4aed-4e86-bbe2-d129548c5d1d,local,['01053'],national,['Alabama']
73908f4c6c,none,['none'],none,['none']
8fe0039562,national,['USA'],none,['none']
dab17490cd,none,['none'],international,['PRI']
c9ac037886,national,['USA'],none,['none']
1cb2ab95d1,international,['JPN'],international,['JPN']
f7d9f8c0-3625-433d-bc91-8f42908d267d,local,['12057'],local,['12057']
43dfbd17-fb93-40f5-b764-48c24d0e3322,local,['12057'],local,['12057']
ebecf1bbbe,none,['none'],none,['none']
642cdf4f-4d00-45c7-8ed0-628b5d33425f,local,['15009'],local,['15009']
ca1fc8f0-aeb8-4bb3-ac94-8fe059e8d55c,local,['38069'],local,['38069']
0a458367-1b6e-4822-9657-5d2b7d7b0731,local,['38069'],local,['38069']
24359bb9-1880-4916-9716-3190cef159c0,local,['27043'],local,['27043']
9b45372f6b,none,['none'],none,['none']
f69029dd-d8b8-4f2f-bbe3-34f5b8a8a039,national,['Maryland'],national,['Maryland']
4bca6051d0,none,['none'],none,['none']
6ed02159-6359-432a-86bb-2f0f26ff14f3,state,['Colorado'],state,['Colorado']
e50ae689-d0f0-48fa-bf38-1f94c3cf68f1,state,['Arkansas'],state,['Arkansas']
59d3adbb-0afb-405d-a04e-dd6b58ef2e0b,national,['USA'],national,['USA']
7cc4b64c-18fa-4109-a5bd-aabf5260d731,national,['USA'],national,['USA']
d9968d0b-8e1d-4e77-b406-70f346d21ee0,national,['New York'],national,['New York']
e3a4d7ad-3e9a-4029-9ead-4406ddb5c68b,national,['Pennsylvania'],national,['Pennsylvania']
2357b6ac-5f35-41ed-b82d-7ffe318a2991,national,['USA'],national,"['Florida', 'North Carolina', 'Tennessee', 'Ohio']"
af127e35-148d-4939-afc6-125c29c11362,local,['40109'],national,['Ohio']
6173c6a3-da75-4039-91ef-f968f2194752,local,['39151'],national,['Ohio']
f776f59f-6eba-4844-af20-f28c22402a92,national,['Virginia'],national,['Virginia']
5754f7c8-f9cc-4410-bbf0-12097e3dc962,national,['USA'],national,['USA']
8b5174c4df,none,['none'],none,['none']
8b5174c4df,none,['none'],none,['none']
8b5174c4df,none,['none'],none,['none']
8b5174c4df,none,['none'],none,['none']
ec92f8f63e,none,['none'],none,['none']
e9301a50-43f9-4016-900d-6950310d6257,international,['PSE'],international,['PSE']
09cc9c0f-0e2c-49c0-a5c7-af0b23477b95,international,"['UKR', 'RUS']",international,['UKR']
0b4c1a83-c5d5-464d-beb1-ea0cd05f1f6a,local,['08037'],local,['08037']
ca11051af6,none,['none'],national,['USA']
9576a370-406c-466d-888a-1b96af0229cf,national,['USA'],national,['USA']
4a0f6989fa,none,['none'],none,['none']
38505183-749b-4d1f-8d58-2e26b9d25f21,international,"['CHN', 'USA']",international,['CHN']
a473e87992,none,['none'],none,['none']
97cf205bea,none,['none'],none,['none']
f909e143-67c4-4e37-93fa-28a09bec76d8,state,['Alabama'],state,['Alabama']
6e6238db-a733-4898-bdc0-ef38336ff9b7,local,['08077'],local,['08077']
78f3ad02-eb6f-41e1-8804-44858259e47b,international,"['PSE', 'ISR']",international,"['ISR','PSE']"
8cf7c768-1109-4767-b80b-aeadd835cb71,national,['USA'],national,['USA']
bd360aaa-e44f-4f62-bf06-1935351d5318,local,['04017'],local,['04017']
9f6b7894-668a-4cc7-ad9d-afc45ffe097d,national,['Florida'],national,['Florida']
91cbdbe3-a54d-48b5-9e78-024d5e69db37,state,['Colorado'],state,['Colorado']
f5efdedfd4,none,['none'],none,['none']
bae289ef-9e6a-4346-8822-c6b7d8018bcb,local,['37027'],local,['37027']
35e5520777,none,['none'],none,['none']
7a7013c516,none,['none'],none,['none']
8ce8b67ed7,national,['USA'],none,['none']
40cf71bed0,international,['JPN'],none,['none']
3db6e28e76,none,['none'],none,['none']
61cbabb2-3464-429f-8e24-c2614628a5bc,state,['New Mexico'],state,['New Mexico']
460f6eb4b6,international,['IND'],international,['IND']
e8c7bf204b,international,['PAK'],international,['PAK']
8a33d977fc,none,['none'],none,['none']
57275fa1e7,none,['none'],none,['none']
8898481c-b320-4559-9e52-e69d31b4d5a3,state,['California'],state,['California']
e8ea8bc7-2025-41ba-add8-f4fd8e803831,local,['01077'],state,['Alabama']
a3577ba3-3497-49db-a668-10b3db42da67,international,['IND'],international,['IND']
8352b304f4,international,['IND'],international,['IND']
cbafffe04b,international,['IND'],international,['IND']
937292cf-1120-459d-a2cb-8cdf9c7f0dbb,local,"['06065', '06071']",state,['California']
7ec81b5a-f5e3-4b16-a270-972ff7b3625a,local,['06071'],local,['06071']
0802782d-46bb-492f-93fe-62ba7bb42fc3,local,['04013'],local,['04013']
d91c7957-0857-46a4-8f4b-3686b99fbe65,local,['01021'],local,['01021']
6aa92c76-8b6f-4501-9d82-f8a8453bf7c6,state,['Iowa'],state,['Iowa']
c435a5ac-8885-47e5-b92f-ea534671d704,state,['Iowa'],state,['Iowa']
2508cfc2-9901-4641-8081-26f01c6ff327,state,['Iowa'],state,['Iowa']
2a65f555-69c7-4f14-a465-62a7a8e8390d,international,['LBN'],international,"['LBN','ISR','IRN']"
de6f22b1-1483-4071-b7d1-edefec22d445,international,"['IRN', 'ISR']",international,"['ISR', 'IRN']"
4fb054e4-8272-452b-a29f-a602e4ae6d30,international,"['IRN', 'ISR']",international,"['ISR', 'IRN']"
4fe7e0f0-0b4f-4aca-aed6-3fa39a13ac70,international,"['IRN', 'ISR']",international,"['ISR','IRN']"
ee9a10480e,international,['IRN'],international,['IRN']
1a96e80232,international,['IRN'],international,['IRN']
67f8fcd6e3,international,['IRN'],international,['IRN']
714ffc6186,international,['IRN'],international,['IRN']
71ceae97-9053-43eb-89fb-0666c1ed7f53,international,['IRL'],international,['IRL']
e731dcf19b,international,['IRL'],international,['IRL']
fc56b143-b15f-4393-acc2-9db32eae9089,international,['AUS'],international,['AUS']
787698a436,none,['none'],none,['none']
967c3323-6c23-4f26-ae2b-9e6f15d3d6f9,international,['ISR'],international,['ISR']
79f74ecf-c4b1-4686-8f20-79c0e2be6709,international,"['ISR', 'LBN']",international,"['LBN', 'ISR']"
5b6bbe0f-371e-4304-837b-18b1e0cff7d6,international,"['IRN', 'ISR']",international,"['ISR','IRN','LBN']"
215969a4-1261-4fe0-856b-b57b2a12c90c,international,"['PSE', 'ISR']",international,"['ISR','PSE']"
a6a503e8-92b4-42d5-84cd-8624f8d48dd9,international,"['USA', 'PSE', 'ISR']",international,['ISR']
55b952ff-7a8e-445b-b585-68e8dc0aa04b,international,['ISR'],international,['ISR']
09efa1d5-a7b7-4b85-bef0-7448d346be6e,international,"['PSE', 'ISR']",international,"['ISR', 'PSE']"
6322566fa4,none,['none'],none,['none']
b868b098-733e-4476-a682-fec74b787f3c,state,['Mississippi'],state,['Mississippi']
9359c11c9a,national,['USA'],none,['none']
283fca8d-df8c-41cf-b007-f8901bf49ca3,state,['Michigan'],state,['Michigan']
42ee179612,none,['none'],none,['none']
83c85082-63d0-48ca-8c2a-649eb65c40b2,local,['12057'],local,['12057']
97aa1a47-0887-4656-82cd-93394ff3a8f3,local,['08063'],local,['08063']
ddeafd2e-ede2-4ad6-b98b-58f29eb8600b,local,['36013'],local,['36013']
3cbcc7cab6,none,['none'],none,['none']
5a71375233,none,['none'],none,['none']
7c9b888b58,state,['Wisconsin'],state,['Wisconsin']
2d9c218b09,none,['none'],none,['none']
88b948a7-6e92-42c6-ba77-cdf66d1b0af2,national,['USA'],national,['USA']
39c8287a-dd0f-4ab3-9638-d6bb388ef618,national,['USA'],national,['USA']
f0b8dc79-0c83-4f64-871c-6cb8e9f5b5a9,national,['USA'],national,['USA']
c4e845460e,none,['none'],none,['none']
d478a39497,none,['none'],none,['none']
6a8d42d4-c38f-4745-9753-78b6c95b3be5,state,['California'],state,['California']
16b575d339,none,['none'],none,['none']
75fda3a1-521b-48d2-aa05-ce3abde638bf,state,['Arizona'],state,['Arizona']
7e3ca907-e045-4a53-a7c5-74622f479e74,national,['USA'],national,['USA']
64feabf9-a1c2-4879-a2b7-c237160654a7,none,['none'],international,['NZL']
151c083c-ee16-4d3b-89fe-26852d49399c,local,['01055'],state,['Alabama']
39499c41-cd06-423b-b638-0b60d732e8f7,national,['New York'],national,['New York']
2fe21071-ac9c-48b5-8e37-b61006ee8e14,national,['USA'],national,['USA']
63eba466-77b8-45b4-86e1-5dde4f76bef4,international,"['RUS', 'PRK']",international,"['RUS', 'PRK']"
bece8f1a-cd3a-4dc5-8e75-9ef5ae79457e,state,['Arkansas'],state,['Arkansas']
6d6d9b4d-3af2-40ff-a7ea-02007eb9321c,local,['08077'],local,['08077']
a2223e33-487b-4dfa-b477-67560a7e3058,national,['USA'],national,['USA']
999e4889-53a8-4365-a96d-11e47a33aa70,none,['none'],national,['Idaho']
611f21f4-22bc-4794-822f-fb69b2c0ba54,national,"['California', 'Florida']",national,"['California', 'Florida']"
81a4d822-bbe6-4a1e-8ff9-312b8a58ae9d,local,['36063'],local,['36063']
a81cd124-0a96-495a-8540-8c71c47457aa,international,['CHN'],international,['TWN']
f3fc3cfc62,state,['Colorado'],state,['Colorado']
6297877b-5b2d-4e1d-b940-7d15704e2ba9,local,['06065'],local,['06065']
1c93a0f51e,international,['IND'],international,['IND']
136e37ea-67d2-418c-a0c6-c588ec0a6ed2,state,['Alabama'],state,['Alabama']
ffa80460-2959-4b3c-b534-d10eb9ae81db,state,['Kentucky'],state,['Kentucky']
4efe9cc21b,international,['KEN'],international,['KEN']
166d7fff00,international,['GBR'],international,['GBR']
1461803c-b92c-4a67-ae67-1f7655e6c9af,local,['08045'],local,['08045']
531c831e-0961-445f-a910-45834cfa0700,local,['32005'],national,['Nevada']
846c6779-7195-489a-90a8-6cbe1420df7d,national,['USA'],national,['USA']
2a03775c-a9dc-42d4-8025-cf56023b2027,local,['06059'],local,['06059']
9948f728-f531-4884-bc5b-9975b9c3fb62,local,['12023'],local,['12023']
5e33ed4d-c0d0-4762-b943-6777547fd73f,local,['12023'],local,['12023']
4ccf3578-b5e5-4751-b311-46356999a84a,local,['56025'],local,['56025']
86cc5d03-8d69-40d7-9d80-c842c9e1a458,state,['Wyoming'],state,['Wyoming']
b1de4e0d-0418-495e-9392-5e7a94bb1b88,national,['USA'],national,['USA']
a9266ce5-53d7-4dee-ae03-5e86e6a850e6,national,['USA'],state,['Wyoming']
c960dfc5a5,none,['none'],none,['none']
3505994b-a916-4303-b191-cabeff0ef5da,state,['California'],state,['California']
c266db7b-e4a7-49b6-b4f8-f9df784c58c7,national,"['Arizona', 'Idaho', 'Nebraska']",national,['Arizona']
7e9573ea-dd72-4a82-89f7-f4587ff001a1,national,['USA'],national,['USA']
68f25bc7-a7db-4d96-aed1-55f1fd42054b,national,['USA'],national,['USA']
29da90b2-dd1c-4fdc-a28e-061a51288510,national,['none'],national,['USA']
0d7c1497-33ff-49ab-823c-74a60676ad84,none,['none'],state,"[""Colorado""]"
70c2914e-20fc-4d35-b2fd-72824f5426f7,state,['Colorado'],state,['Colorado']
24691545-26ee-49f9-8775-a62d28cf3a85,none,['none'],local,['06077']
788f5dbe14,state,['Oregon'],state,['Oregon']
5da5ab52-63fa-4269-beca-3d3f407af0c8,local,['31105'],local,['31105']
afadd197-744a-4d00-8fe5-5a3acb272957,international,"['USA', 'AFG']",national,['USA']
b7bae62f-846c-4049-a427-ec78c443b4fe,local,['06105'],local,['06105']
a61095be59,none,['none'],none,['none']
d519df0f-2b0b-4d68-a438-2858e442f51c,international,"['RUS', 'UKR']",international,"['UKR', 'RUS']"
52e23740-9821-494d-9e73-11e485248b1f,local,['17031'],national,['USA']
25b2665d-0744-4529-966d-fbaa9bb921ce,international,['ISR'],international,['ISR']
752d5abe-6afb-4f23-bfca-5ee083da4af3,international,['ISR'],international,['ISR']
bf4beabf-9e5e-4d0e-8649-3751c8ece0ba,international,"['PSE', 'ISR']",international,['ISR']
bb19f05f-a6a6-4f87-8e32-dd17d99a8318,international,"['PSE', 'ISR']",international,['ISR']
903cdbb4-5243-4f71-9f0e-ed33a94bd18b,international,"['PSE', 'ISR']",international,['PSE']
11e9449207,local,['06073'],local,['06073']
33046cfa77,none,['none'],none,['none']
ec55bf4f-a3d7-439e-bdff-94480817f696,international,['KOR'],international,['KOR']
6b31773c8c,none,['none'],none,['none']
361d16b2e5,international,"['USA', 'FRA']",international,['FRA']
d1e4ad5d-22e2-4c72-8597-fb3a839e33c9,international,"['USA', 'MEX']",national,['USA']
b16f56a0-8e89-4e88-be75-1788e955a9cf,state,['Indiana'],state,['Indiana']
b6df7b7c-961f-4230-a825-198a9c022eb3,local,"['36059', 'USA']",state,['New York']
b26aa4d7-32cc-474c-8e7b-52b1ab72dfc1,local,['28085'],local,['28085']
d5e820e3-cb88-4ca0-bb23-762690d94eea,local,['21137'],local,['21021']
bc9ebd98-3821-483a-97e7-7c922d856d2a,local,['21137'],local,['21199']
196019a3-18e4-420e-8744-b8747637feb7,local,['53053'],local,['53053']
4751d6e5-a5a9-4215-8cff-7c0fbe6f7b36,none,['none'],national,['Alaska']
e3b6deae-08a6-4dc9-97b1-873819734551,international,"['USA', 'DEU']",state,['Washington']
7cc8f44b-4930-474b-b171-d6dfe0a8f09c,state,['Wyoming'],state,['Wyoming']
0b3c86a3-0b12-4dfd-9e23-ddaf7d178cfd,state,['Wyoming'],state,['Wyoming']
7299adbd-2e32-409e-8073-de36f0683602,national,['Florida'],national,['Florida']
7de6fccdc9,none,['none'],none,['none']
af54c25e-3a72-41b1-814e-25ca2ef6932f,local,['17031'],local,['17031']
0f00d01c-8348-4804-aca9-95ffdc2ffec4,national,['USA'],national,['USA']
b7edb238-86d4-460c-a4a5-e455f0e42e0d,state,['Idaho'],state,['Idaho']
99170dec80,none,['none'],none,['none']
b0619d7e-ed5b-4d53-bb95-215be186c636,local,['28033'],local,['28033']
06240aea-c4a1-4bf2-90e6-7a35530f9abe,local,['29005'],local,['29005']
a883de0396,national,['Louisiana'],national,['Louisiana']
b9c550aa-c681-439f-9a07-13152f0a1ce8,state,['Alabama'],state,['Alabama']
9fc9814e1d,none,['none'],none,['none']
2b7a6a16fe,state,['Colorado'],state,['Colorado']
c604ad61-ad2b-49c0-a4ad-6320dd392c60,national,['USA'],national,['USA']
0a65ecea-2429-4130-ac9f-39168720b2a4,local,['17115'],local,['17115']
075431fa-35a2-4b64-91ef-c0c7fafbf305,state,['Mississippi'],state,['Mississippi']
5cc83fd9-fc98-4924-937a-c47e4934a563,local,['06113'],local,['06113']
d796a74e37,international,['POL'],international,['POL']
ed0c1aaf-b649-4dd1-ac3b-5ef29a7fff5b,state,['Alabama'],state,['Alabama']
f1a07adc3a,none,['none'],none,['none']
ad85cf4fce,none,['none'],none,['none']
9707ea09-6fe2-4477-bbe9-c5ff89587f84,local,['08031'],national,['Colorado']
666f4a61-5bd8-4ea4-b0b6-e819592ad756,state,['Arkansas'],state,['Arkansas']
ec9565d106,international,"['FRA', 'UKR']",international,['UKR']
c2335df1-0065-4d45-8b5e-5ffab3f09253,international,['RUS'],international,['RUS']
400261b8c0,none,['none'],none,['none']
2d684b6b-d260-49a9-b5ad-620e6a920c71,national,['USA'],national,['USA']
0306ab1a2c,none,['none'],none,['none']
07ecc754-3da5-4dbc-af54-9e81d32cf3e4,national,['Alabama'],national,['Alabama']
c57ef448-fdba-44a4-8062-0602c5e95f7b,state,['Michigan'],state,['Michigan']
19f6b8a6-ba18-48cb-b648-9884f04bb628,state,['Maryland'],state,['Maryland']
6a662512-cad8-4f11-aa25-0d46f23df951,national,['USA'],national,['USA']
dc980206-e3bd-46b9-81d1-6e7f2d845100,state,['Massachusetts'],state,['Massachusetts']
d6e3d444-cc1a-4a8a-8bd7-14dcef469bf9,local,['15009'],local,['15009']
772d8dd0-54c0-4787-8405-1ff6db211798,local,['06075'],local,['06075']
f65f60fa-b1d9-42b0-a331-3dd0ca1b7de4,local,['48201'],national,['Texas']
50abf3f6-510a-4281-adf8-ed6f579f2bab,local,['06037'],national,['California']
68aa8b11-8ec9-4f17-8e4a-9ab67fde6785,national,['USA'],national,['USA']
59851717-eede-4ef6-880c-00f705837efd,local,['09013'],state,['Connecticut']
8d6ee334-821a-4191-93a3-2d11ddd59b8e,national,['USA'],national,['Texas']
00b0db83-eba8-4b56-be3d-5378586c0e8e,local,['09001'],national,['Connecticut']
0fd50023-a9b9-42ab-9b0d-1bf84795f379,local,['01081'],local,['01081']
56ae160b-4ec5-416f-88b6-384b17723f74,local,['01081'],local,['01081']
3650d92d-02da-4677-8f4a-8e0c6a9534db,local,['06075'],national,['California']
e29f0dbe-73af-46cb-a824-2020f7785bf8,national,['USA'],national,['USA']
d4db5ea3e1,none,['none'],none,['none']
b8d5ae87-0ea5-4c11-b9ea-4460571770c3,state,['West Virginia'],state,['West Virginia']
4a850af1-c784-4d66-b6f7-58bd484b73e6,local,['08095'],local,['08095']
c28ac7ef-08ac-4b41-9b98-a54fb7557961,national,['USA'],national,['USA']
d6f9520bb4,national,['USA'],none,['none']
781fd0cf-892e-45a3-8e33-43fac825cb22,local,['21085'],local,['21085']
6780c9845b,national,"['Minnesota', 'USA']",state,['Minnesota']
d1cae26a-2ea2-41b1-90b7-e62b50141dc5,state,['Minnesota'],state,['Minnesota']
6c5528e0-e2d6-4640-a2ca-c0f5fe3380b8,state,['Minnesota'],state,['Minnesota']
07a8137a-5fbf-46b2-96f5-c5ba0ee0769d,state,['Minnesota'],state,['Minnesota']
1912ceb343,state,['Minnesota'],state,['Minnesota']
e7c74dd94e,local,['35017'],international,['PRI']
22682e3d-6000-4086-8523-d56255e40f46,state,['Mississippi'],state,['Mississippi']
d725c63c-a3e8-4e87-82e9-41b72254aa64,local,['28105'],state,['Mississippi']
8f9abb59-5b82-46e0-91d0-8c0c07c049ba,local,['28109'],state,['Mississippi']
c7cb3233-cfea-411f-b6e1-c6fc7bb03e13,state,['Missouri'],state,['Missouri']
051c410e-5fa4-470b-b562-9e20c4b6d1ef,international,['KOR'],international,['KOR']
25342d46c2,state,['Wisconsin'],state,['Wisconsin']
30ca38845c,international,"['USA', 'UKR']",international,['UKR']
f16faa05-b641-442f-977d-9fde1674c425,local,['06111'],local,['06111']
742caccd-fd9a-463b-81ad-73d675354723,local,['53011'],local,['53011']
30472a35-54f5-43d5-80ae-d2bca7501730,local,['53011'],local,['53011']
65b5bdec-9f39-4cc1-8d77-db5b210d07a1,local,['53011'],local,['53011']
865cc81bfa,international,['IDN'],international,['IDN']
f92ac78c-8d7b-403d-80eb-4b541d9ead7e,international,['GBR'],international,"['FRA', 'GBR']"
a24cc9d3-f006-4ae9-a345-c2f90bf9b1f6,local,['31041'],local,['31041']
2725a5d0-e41a-41f3-aabb-1028561349ef,local,['13097'],local,['13097']
37a02139-b6e3-4062-a260-b70ed10f9001,state,['Wyoming'],state,['Wyoming']
f3946903f8,none,['none'],none,['none']
a22d3d16f3,international,['IND'],international,['IND']
2f49459b-d84d-439a-8d0c-094adacc57d8,local,['16019'],local,['16019']
6e879fa8-44af-4adc-afd1-9f9692b0a7cd,local,['36059'],local,['36059']
583f89af-4981-4689-874c-7958fb48c933,local,['36059'],local,['36059']
9c0f1dcc-5fbf-4ce1-bd1e-50177c8409f2,national,['Florida'],national,['Florida']
7c08c8dd-dfd0-4bf3-b9ab-3de9ecbb43b2,national,['USA'],national,['USA']
0c2872d8-1144-4b5e-b5b6-8781edfca972,local,['06073'],local,['27013']
b1d92116-47c4-43d8-8d2a-a24f045425bc,state,['Florida'],national,['Texas']
785a96c4-ada2-4b24-9507-1b3f6766bcac,state,['Florida'],state,['Florida']
81700348-38e4-4bf1-abcc-35e02f7cb9f5,state,['Arizona'],state,['Arizona']
939de5ea-ccf9-4390-a075-781bdebb7a7a,local,['39023'],national,['Ohio']
270f9c3b-6726-431f-9bf4-43988557eaca,local,['06105'],local,['06105']
66215f3c82,state,['Oregon'],state,['Oregon']
0672116e-96e3-4e27-8f89-741e39c51393,local,['08003'],local,['08003']
cd305a88-4081-435e-b17e-cc07b92db3e6,national,['USA'],national,['USA']
54d6002a-7c36-4f8c-9eb0-61ebec2c5a4c,local,['08105'],local,['08105']
808e33fdeb,none,['none'],none,['none']
4bf951a87b,none,['none'],none,['none']
9ee0e0d0-77b4-4a2c-bce0-afdd64573b8a,state,['Mississippi'],state,['Mississippi']
3a076dc9-fc43-4461-8439-f22a797b298b,international,"['USA', 'ISR']",international,['ISR']
f5da4314-c1d2-4042-865f-2d408fac92ed,state,['Nevada'],state,['Nevada']
d7d37fb7-7c3d-47c7-afe0-ca63e2dc8c95,local,['27059'],local,['27059']
f2cf77ed-feec-429f-a2d9-6920c6bd1948,international,['JPN'],international,['JPN']
9fbe494a-cce6-433f-be63-df100228ebbc,local,['35055'],state,['New Mexico']
3e3617f4-a6f2-4f19-ab09-f9bb5171ccde,state,['New York'],state,['New York']
b868784ecd,national,['USA'],national,['New Jersey']
8df8604b-6bc3-4f2c-9e26-94e1b7ba5927,national,['USA'],national,['USA']
28915642-fba3-4a85-b7b9-d668ad30b88b,local,['36047'],local,['36047']
30892fce-83a8-4d96-ad15-b765802fd00b,national,['USA'],national,['USA']
2d661c75-0e25-4de1-ace2-dce3d1c11b07,local,['06037'],local,['06037']
c333e410-fb17-469b-b2d5-621c20eeeead,national,['USA'],national,['Utah']
e5b9e903f7,international,['PAK'],international,['PAK']
dd64fa15-2c81-48dc-8441-8fa088767b66,national,['USA'],national,['USA']
efc88072-67e4-4607-b60b-b5044e771dd8,local,['53011'],local,['53011']
b20d28e4-d5d1-455b-86ce-35b9e0d43c00,state,['Minnesota'],state,['27017']
97ca6ee870,state,['Minnesota'],state,['Minnesota']
c96cd092-93fd-4187-919a-550eba963688,international,['CHN'],international,['CHN']
368740e9-e126-43fd-b84b-94f69ec426ac,international,['ISR'],international,['ISR']
e626fbd6-dadb-4141-9038-6d854334033b,international,['RUS'],international,['RUS']
d6f445a3-e3bc-4e2b-8199-7da5771f4f43,national,['Washington'],national,['USA']
8f1e18c495,international,['VEN'],international,['VEN']
b2dd5e42-9540-4f09-9a98-447823784311,national,['USA'],national,['USA']
3be9cc4436,none,['none'],none,['none']
cc64e5c1-3e33-45ef-a3cd-8e1c7820d528,local,['25025'],national,['Massachusetts']
5e56d820-a25d-4d91-8f49-136b895c0b29,local,['37161'],local,['37161']
4efad956-dca6-4e89-97dd-4a1547690305,local,['04019'],state,['Arizona']
2ac5c48540,international,['SDN'],international,['SDN']
45bf8576-013d-4a9c-bd88-ecb910662e37,local,['24009'],local,['24009']
1589a760-a9cf-4a24-af8b-248973004d43,international,"['KOR', 'PRK', 'USA']",international,"['PRK', 'KOR']"
ce821949-7019-475d-919e-ad5af3e1d9bd,international,['PRK'],international,"['PRK', 'KOR']"
7f1dfa59-7b1e-4222-adcb-f2d481bb1d40,international,['PRK'],international,"['PRK', 'KOR']"
1cd54265-9189-41ea-8a40-f295c7222a39,international,['PRK'],international,['PRK']
8e3492d8-28b0-4d5d-b62d-670a30823c45,international,['PRK'],international,['PRK']
8c9cc2de6f,international,['PRK'],international,['PRK']
7593099a-3245-4549-9ea0-b030e540c6ef,international,['PRK'],international,"['PRK', 'KOR']"
cb6f8f4c-3d81-48bc-9319-c756b70b29cf,international,['PRK'],international,"['PRK', 'KOR', 'JPN']"
1db1a3e8-fcc7-465a-8940-31dc79010b52,international,"['PRK', 'USA']",international,['PRK']
4716709e-7ea7-4f7f-9d52-3fb0c3531c98,local,['06095'],local,['06095']
f0c72345f4,none,['none'],none,['none']
1e9a398b-13f3-4d23-9dd0-e0321fb616a7,state,['Missouri'],state,['Missouri']
61651a15dd,none,['none'],none,['none']
0d6a882d-8c6e-4777-9ab4-28ece3447f03,state,['New York'],state,['New York']
d3bb195b-b333-445d-a019-4fa67b535626,international,['UKR'],international,['UKR']
0dfc32c4-9a96-4959-a0c4-7ec8d3e1bbb7,state,['Georgia'],state,['Georgia']
7ad4a640b4,none,['none'],none,['none']
a1a7e846-c75d-44a7-9089-b9b991db4c6b,local,['34039'],national,['Ohio']
9eb603d6-82e0-4b3f-ac70-eb098d781a49,local,['34015'],local,['34015']
9b14a8c6-cd7c-40d9-b06d-46730b8ec001,local,['06073'],local,['06073']
b8a30858-eda6-4659-8e18-4ea835e96451,state,['Idaho'],state,['Idaho']
925bef62-8e7b-4a32-a887-9af7d6a1a72a,local,['06023'],local,['06023']
eefcf118-3162-4bd5-9256-5a9d93738155,local,['36103'],local,['36103']
23c0c28b-25c6-4c7e-a95d-d6e473b5bbe8,international,['ISR'],international,['ISR']
3513cad3-567e-4d65-95f9-ac55d1a337f1,international,"['SWE', 'ISR']",international,['ISR']
fe51450c4e,none,['none'],none,['none']
64f1090f-8020-4dff-a8de-7ce6f50edd66,international,['ISR'],international,['ISR']
94c0aa10-0a87-48ec-ae6d-ed96486a4b34,none,['none'],national,"['USA', 'New York', 'Texas']"
7031e6d7-127d-4515-9d94-a9bd386e08cf,local,['04017'],national,['USA']
e73f995ad8,none,['none'],none,['none']
2afe03b295,none,['none'],none,['none']
5b1cf8b261,none,['none'],none,['none']
c5845800-eb21-4abd-9849-66ef2795c2ba,international,['UKR'],international,['UKR']
bf2ba2ae-7693-4757-a0fe-0e0075fbf0f0,state,['Iowa'],state,['Iowa']
154f3a12b4,none,['none'],none,['none']
f3ba8a70-314c-421c-b5b2-5f39f70d4dfa,state,['Minnesota'],state,['Minnesota']
0b86193c77,none,['none'],none,['none']
a018c95173,none,['none'],none,['none']
1ecc9f4cac,none,['none'],none,['none']
2596af2b66,none,['none'],none,['none']
b8d5f0b225,none,['none'],none,['none']
63b501c858,none,['none'],none,['none']
0ba91be517,none,['none'],none,['none']
0ba91be517,none,['none'],none,['none']
0ba91be517,none,['none'],none,['none']
0ba91be517,none,['none'],none,['none']
7cae0dfefe,none,['none'],none,['none']
0d68369fb4,none,['none'],none,['none']
05a327d8-6168-4ac3-8518-b9825c91e3fb,state,['Indiana'],state,['Indiana']
952a618e-dbf1-4848-9d6c-e2b9bd86e9d6,state,['Oregon'],state,['Oregon']
b87fa609cb,state,['Oregon'],state,['Oregon']
be44fd1ade,state,['Oregon'],state,['Oregon']
ecd55076-74e9-48b9-90e7-e9421f53bf64,local,['36077'],local,['36077']
32a44be5-53fd-48ad-9545-0c9d7fa6ee53,state,['Colorado'],state,['Colorado']
ca357ef0-5102-4078-a162-13e280f2fb5b,local,['08091'],local,['08091']
00f7c04363,international,['PNG'],international,['PNG']
b4a7204d-c708-4128-8ec7-ea0b41520688,international,['CHN'],international,['MEX']
53e588e87a,local,['06113'],none,['none']
fa6af368-e0c7-4f29-abcc-47eaf26c39e2,local,['55025'],state,['Wisconsin']
c4d57459-ec11-4aee-a63e-351c0e8c24d7,international,['PAK'],international,['PAK']
078ac08fe5,international,['PAK'],international,['PAK']
d7dddd62-a2b4-4e13-a516-8983b8b9ba4f,international,"['PRK', 'KOR']",international,"['KOR', 'PRK']"
a3241045-15c9-461c-b135-c7e192bd57a0,state,['Arkansas'],state,['Arkansas']
d62e4a5711,none,['none'],none,['none']
adef5a7e-42b4-4bc8-97e8-56fd857b8c0d,state,['Alabama'],state,['Alabama']
e1b5695c-6d40-47e5-ad0b-f324f2ec4acc,local,['28109'],local,['28109']
d00a57f0-6d5a-4542-85c9-8f1bf0c1dbe4,local,['28109'],local,['28109']
b645ff30e6,none,['none'],none,['none']
0e7271d774,none,['none'],none,['none']
becda999-ac78-4337-a735-fbdbbf5bdde4,international,['RUS'],international,['RUS']
12ca37b9d7,none,['none'],none,['none']
27c7f9ac-a006-4cbc-ba1a-7c9c2e951954,local,['04019'],local,['04019']
5106c34c-f274-42e2-970d-ebc6219a88cf,local,['22079'],local,"['22009', '22079']"
2ca92329ff,none,['none'],international,['GBR']
6f5bda7fbb,none,['none'],none,['none']
4a9f369d-7f3b-4918-aba8-a8d9af7817d7,none,['none'],international,['IND']
85b1aa0e-ab6a-40c0-9f6d-ff97a48f6f90,national,['USA'],national,['USA']
6fd7dd18-ac60-46dc-adff-ca9d027e2da7,national,['USA'],national,['USA']
7ac5c381-00da-4dfd-93f2-e1d8bc5018ac,local,['28065'],local,['28065']
c14fd6f4-b8cd-467d-8f12-47884930786a,state,['Colorado'],state,['Colorado']
0bb4bc6a70,none,['none'],none,['none']
c8a3a851-8020-43b7-aaf8-05668ea67c45,national,['USA'],national,['USA']
cc576dad-6d92-4ac0-9f1c-114bb71ad3a6,international,['ISR'],international,['ISR']
c48fa0aa-e35b-439d-8935-21f46ad3c2a6,international,"['PSE', 'ISR']",international,"['ISR','PSE']"
7e5f819f-5d53-4a22-8ffb-96f468ee0116,international,"['RUS', 'ISR']",international,['RUS']
23cc74cf-5533-4c06-832d-56950e8cc8b2,international,['ISR'],international,['ISR']
5697d005-3e93-4e4c-b669-41076443a8a6,international,['ISR'],international,['ISR']
eb573a09-2be4-48f4-b95d-8b06a1c3715f,international,['ISR'],international,['ISR']
cf1813e7-2709-4b19-9156-7ab2771be2a9,international,['RUS'],international,['RUS']
b47c6c39-f0e5-49e4-82da-68b910b1bc18,international,['ISR'],international,['ISR']
893401ce-baa4-44db-afa4-fe0a682d0383,international,"['PSE', 'ISR']",international,['ISR']
17a2dbee-9283-4b23-b609-3a2b97411cce,international,"['USA', 'PSE', 'IRN']",international,['ISR']
94342e9d-19ab-4f9a-99bd-4c978cff7eb7,international,"['PSE', 'ISR']",international,['ISR']
69c0997d-4c11-42aa-9d98-2c3abee78b80,international,['ISR'],international,['ISR']
285e58f6-e039-4e9c-ba77-5d3beffdbc04,international,['ISR'],international,['ISR']
3be135bf-3598-4b72-840a-82322cd2cc31,international,"['PSE', 'ISR']",national,['USA']
3898a2b4-bf46-46e1-a325-acb504485268,state,['Arkansas'],state,['Arkansas']
adfedbf920,international,['IND'],international,['IND']
e4642aec-6eb4-44bf-83eb-1fc3144e4096,national,['USA'],national,['USA']
11a5c232-e00c-4d96-880a-c699f79c1152,national,['USA'],national,['USA']
cfa35feb-21fe-44da-980a-4b2847dadae4,national,['USA'],national,['Texas']
df94f451-8278-48bd-811c-3bd8cc56b91a,local,['17031'],local,['17031']
2e6da1e2-534a-4da3-802a-e12a6adb7f06,national,['USA'],national,['USA']
b19fa733-622e-43d3-9d53-712714f0bba7,national,['USA'],national,['USA']
3b496555ef,international,['ARM'],international,['ARM']
47c2b5ed1b,international,"['IRN', 'ARM']",international,['IRN']
7af89905-2309-4b7b-a379-da98489a26a2,international,"['USA', 'ISR']",international,['ISR']
dc6f3e34-7ce5-4502-ac32-ffaf5436bd36,international,['RUS'],international,['RUS']
577f61fe47,none,['none'],none,['none']
51c178fee4,none,['none'],none,['none']
57f5bd37-842e-4101-a480-6ca75856dd77,national,['USA'],national,['USA']
c04ddb7b-267e-4769-801f-35bef0d7464c,international,"['QAT', 'ISR']",international,['ISR']
abeb2577-f459-4f01-8d3b-d374f5ac2683,international,['ISR'],international,['ISR']
2ea96c88-4308-4454-b5d7-b233cf462c93,international,['ISR'],international,['ISR']
917cfddef3,local,['51700'],national,['Virginia']
51692426-5e58-45cd-9d99-2318a57e38e1,national,['Florida'],national,['Florida']
654f3ac3-9a0a-41f0-af0a-456bcd430920,local,['12099'],national,['Florida']
ca0e2842-060a-41dd-a3d8-45054245867c,international,['RUS'],international,['RUS']
8a7376ca-d797-4139-9fc7-6b7ce243d3e2,international,['IRN'],national,['USA']
eb5300ea-312e-4fc4-99af-22d13bc08759,national,['USA'],national,['USA']
435f0e50-edd9-47b3-a58a-6f4ef962d3c3,state,['New York'],state,['New York']
8b5b3d94-a8b5-4512-b764-c9dc20d32837,local,['08059'],state,['Colorado']
4b2d144a-d92c-4b6a-a975-d86965f3128a,local,['06103'],local,['06103']
87415ff2-6679-445a-97c3-a8d707278670,local,['06045'],local,['06045']
488379d77b,none,['none'],none,['none']
35139c6f-5e55-408e-90e8-b3cbef119c7a,international,['RUS'],international,"['UKR', 'RUS']"
1b43299c-6b37-4ef4-9578-6750e224be72,state,['Massachusetts'],state,['Massachusetts']
e7883727-3fe0-4a19-8052-cbc18b6ddded,local,['13241'],local,['13241']
288bea530b,none,['none'],international,['IND']
71278d7e-333b-4dca-ad09-af39d9f26052,local,['06067'],national,['USA']
3da50c1b-99d7-480a-a18c-35bfe36f3175,state,['Iowa'],state,['Iowa']
c95edaa6-5bae-4088-a9a1-77486f2a9dd1,national,['USA'],national,"['Florida', 'New York']"
68518c60-f81a-446e-8d02-e0a3149234da,state,['Massachusetts'],state,['Massachusetts']
1476b9a950,none,['none'],none,['none']
6d11ecc264,none,['none'],none,['none']
42e4434d91,state,['Minnesota'],state,['Minnesota']
58b674a849,state,['Minnesota'],state,['Minnesota']
bf67719c-0ac3-49ad-950f-403e7c4b6438,state,['Minnesota'],state,['Minnesota']
83df006e79,local,['27087'],state,['Minnesota']
8720a41bca,none,['none'],none,['none']
fc92ef51-17ce-4efc-9b7b-1af7d64e03dd,national,['Washington'],national,['USA']
59b0e625-ea23-4aa9-a5fd-1a35e1bb13cc,local,['08057'],local,['08057']
4241153a-4248-4a36-96d8-219696e523ad,international,"['PSE', 'ISR']",international,"['ISR','PSE']"
0dd0a8f33c,none,['none'],none,['none']
255307e0b6,state,['Minnesota'],state,['Minnesota']
6799a57f-dc2f-4168-bf14-12902755c327,international,"['RUS', 'UKR']",international,"['UKR','RUS']"
bc8c8686-5fe7-4b0c-be20-9c00ea3ae556,international,"['RUS', 'PRK']",international,"['RUS', 'PRK']"
fec34e2857,international,"['RUS', 'PRK']",international,"['RUS', 'PRK']"
256b0d61-69d3-40aa-a470-2cf8e8270df1,international,"['JPN', 'RUS', 'UKR']",international,"['JPN','UKR','RUS']"
a6365450f5,international,['RUS'],international,"['RUS', 'ARM']"
ccd512f0-bb4f-46af-b453-c216cbb95d3e,international,"['RUS', 'CHN', 'ZAF']",international,"['ZAF', 'RUS', 'CHN']"
18b4622f-699d-42be-a3cf-4f366136cb5f,local,['06067'],local,['06067']
28a48b85-8f75-4978-a60a-49825f7c54e5,local,['06067'],local,['06067']
989d473f-122c-45f3-8f0d-097fc547c2eb,local,['06067'],local,['06067']
2020cc07-6ba5-42a3-a7d4-01307f8c4f01,local,['06069'],local,['06069']
ab978ec7-9698-484c-8e0d-bbf00f1e21f0,local,['06059'],local,['06059']
9ddb60fc-b98f-4a12-8dfe-82e2ac1abf62,local,['06083'],local,['06083']
d0b0e69cf0,local,['27047'],none,['none']
9cc632ab93,international,['AZE'],international,['AZE']
0716fbbf-26be-4210-9277-30d44280e344,local,['05145'],local,['05145']
dd733bbe-06a5-41ff-b7b6-ece3f3055d63,local,['13097'],local,['13097']
cf7c0026-7979-4738-b1b9-011707e6338b,local,['01103'],local,['01103']
4fc2a905-3065-4464-a0de-f62a801ed089,local,['37019'],local,['37019']
b0a63dc7-d881-4fb3-9cee-5f67cebee9af,local,['04013'],local,['04013']
5d06c63e-bf08-4200-9ae8-bfd82c36e706,local,['01095'],local,['01095']
8ff97754-db36-46c0-8e34-0fd63d1554a9,state,['Minnesota'],state,['Minnesota']
64d940b652,local,['23009'],international,['UKR']
b9dd980f-0984-4958-8058-2c24ed42d4be,international,"['LBN', 'ISR']",international,"['LBN', 'ISR']"
36edac5b-6fc2-4dba-aee8-8b0b938b8ae9,national,"['Wyoming', 'USA']",state,['Wyoming']
895ddf09-d703-4f20-8a7b-48e2ac49a91c,local,['12017'],local,['12017']
f3a0b13b45,none,['none'],none,['none']
619a668279,none,['none'],none,['none']
c5e41165e9,none,['none'],none,['none']
39af3e0abf,none,['none'],none,['none']
44c5e4c834,none,['none'],none,['none']
d0433c07ff,none,['none'],none,['none']
1d3f241771,none,['none'],none,['none']
3618f102cb,none,['none'],none,['none']
f029ac6b-da2b-481d-9cf8-a579236ccddf,local,['13247'],local,['13247']
f1cf333462,none,['none'],none,['none']
f7b17e0a-a169-4960-a011-58bec5ee7f5b,state,['California'],state,['California']
8e2ce238-4eae-409d-b6f3-1b975da8d907,state,['New York'],state,['New York']
8e453f9c42,none,['none'],none,['none']
1146688965,none,['none'],none,['none']
06522de334,none,['none'],none,['none']
06e969e6f2,none,['none'],none,['none']
b11ea18b32,none,['none'],none,['none']
da1e5ca90b,none,['none'],none,['none']
2c8fcdc660,none,['none'],none,['none']
bd19a5c427,local,['48013'],none,['none']
b62e6015-31ed-46c6-99f4-a6678b84b1d4,state,['Alaska'],state,['Alaska']
1b944819bb,none,['none'],none,['none']
82729e6e65,none,['none'],none,['none']
11dbef482c,international,['IND'],international,['IND']
42b856c85a,national,['USA'],none,['none']
7a676df8-5afe-44b7-9b28-b2db16caf1da,international,"['RUS', 'UKR']",international,"['UKR', 'RUS']"
7a676df8-5afe-44b7-9b28-b2db16caf1da,international,"['RUS', 'UKR']",international,"['UKR', 'RUS']"
7a676df8-5afe-44b7-9b28-b2db16caf1da,international,"['RUS', 'UKR']",international,"['UKR', 'RUS']"
7a676df8-5afe-44b7-9b28-b2db16caf1da,international,"['RUS', 'UKR']",international,"['UKR', 'RUS']"
7a676df8-5afe-44b7-9b28-b2db16caf1da,international,"['RUS', 'UKR']",international,"['UKR', 'RUS']"
7a676df8-5afe-44b7-9b28-b2db16caf1da,international,"['RUS', 'UKR']",international,"['UKR', 'RUS']"
7a676df8-5afe-44b7-9b28-b2db16caf1da,international,"['RUS', 'UKR']",international,"['UKR', 'RUS']"
7a676df8-5afe-44b7-9b28-b2db16caf1da,international,"['RUS', 'UKR']",international,"['UKR', 'RUS']"
7a676df8-5afe-44b7-9b28-b2db16caf1da,international,"['RUS', 'UKR']",international,"['UKR', 'RUS']"
8cb92f8d82,national,['USA'],none,['none']
0539da2e-d271-4281-a3c7-082b185d8b98,local,['06055'],local,['06055']
9a01195c-4232-4304-bff2-e8b79bda4c39,state,['Louisiana'],state,['Louisiana']
2ea0201911,none,['none'],none,['none']
a8a15564-4618-487d-8ab7-35c299efcbc1,state,['Illinois'],state,['Illinois']
c2cf9c49-b8b4-40f7-9bec-2a087e4c30eb,local,['06055'],local,['06055']
61daba37-6815-45d2-b652-8205535d68e7,national,"['Texas', 'New Mexico']",state,['New Mexico']
f4f1f8bd-94bb-4ed2-b608-b101845b5713,local,['35005'],local,['35005']
d675073c-b729-4d3e-b858-b8e8e8b7c275,national,['New York'],national,"['New York', 'Connecticut', 'Pennsylvania']"
f510d2fc-ffcf-49b2-a258-44018abb605b,local,['06037'],local,['06037']
80ec87eb-aecd-476c-9d9c-57a828c31126,local,['08015'],local,['08015']
b302d4d6-48b9-47b1-881f-ef521b180a09,local,['06053'],local,['06053']
5ddb715c-ead6-483c-90bb-019d1d09cbe7,local,['17019'],local,['17019']
f6d4a820-27ee-47aa-a93e-82324ef416f7,international,"['RUS', 'UKR']",international,"['UKR', 'RUS']"
032c2621ff,none,['none'],none,['none']
f3e388e5-eedd-4ced-8877-5dcdd8c598d4,local,"['13121', 'USA']",national,['13121']
f04846ec-5cf0-4abc-b8cc-6e78fc8c4433,national,['USA'],national,['USA']
5db4ed7e-7762-46b0-b514-f33e8a16d29a,national,['USA'],national,['USA']
c9aa9b04a7,none,['none'],none,['none']
e40ace9c-7a3e-4d2a-9db0-eee63b1b9ed3,local,['06111'],local,['06111']
d2371669eb,international,['GBR'],none,['none']
32d29acb98,none,['none'],none,['none']
c6f71b02-9f29-4670-9a06-62b9b1da7090,state,['Wisconsin'],national,['USA']
5c239c8b66,none,['none'],none,['none']
311ee7ed-8841-4ed1-8f90-d17289cb3c82,local,['06037'],local,['06037']
e740825f-b589-47fd-ae0f-ba984401cb1c,local,['04001'],state,['Arizona']
9179adc7-ce11-44c0-98a6-ef05bae3dae0,local,['27049'],local,['27049']
6692e3457d,none,['none'],none,['none']
770daf08-3a6f-4111-8574-e380c6667e27,state,['New York'],state,['New York']
4d5372bb-bd8c-49c6-b3a9-1e82bf0a2453,local,['13097'],local,['13097']
00d58a8c61,none,['none'],none,['none']
1d39fdb7-4015-4b23-8b28-618a0ff71de9,international,['TUN'],international,['TUN']
25b14ed6-2db4-40e1-abc1-87caa4c9075e,local,['06055'],local,['06055']
1188ee59-a0f0-4a39-ae4b-a8eeb24697e5,state,['New Mexico'],state,['New Mexico']
cc1c0bc848,international,['TWN'],international,['TWN']
e7cbacff2a,none,['none'],none,['none']
ed3266b0-4d6f-4c24-9845-690b6a604938,local,['06055'],local,['06055']
bfb9957406,none,['none'],none,['none']
f35efb2f88,none,['none'],none,['none']
8ded4230-ab5d-4993-9228-d63c6893f699,local,['06083'],local,['06083']
b549c0fe-e9f0-4ce4-80d4-9b2e628e924d,local,['02130'],local,['02130']
715e4aaafb,none,['none'],none,['none']
c5c4e773-8c75-48c2-9c27-ef4845f08f30,none,['none'],national,['USA']
60632628-7e40-4da2-b73a-1a8576c5d48b,none,['none'],international,[ 'CAN']
a4b1c691-4e96-4b17-b202-2c7eddbeed6c,international,"['USA', 'UKR']",international,"['UKR', 'RUS']"
71c56be0de,international,['MEX'],international,['MEX']
8f5a0ce9-39c4-403f-9bc1-4e17177355b1,local,['06075'],national,['California']
c1f7c05071,none,['none'],none,['none']
395384ed80,none,['none'],none,['none']
2e9c7d18-59e7-4f65-8e2b-35218528eb16,local,['37133'],local,['37133']
25cb6f2493,international,"['RUS', 'ARM']",international,"['RUS', 'ARM']"
4fd8cc1eb3,none,['none'],none,['none']
8dc0092a-2dbf-45bc-a9c8-b87e710879f5,none,['none'],national,['USA']
8b74afe9-24d9-4e51-92ac-5268e7163edd,local,['25017'],international,"['ISR', 'PSE']"
8ccc71e6-3014-4641-be25-c1a185b6146c,local,['02275'],state,['Alaska']
005cc2df-8d15-48fa-8954-5ae9523bf087,local,['02275'],state,['Alaska']
6dc9e328-6718-4f46-b1c3-2dafdff34fa1,local,['53009'],state,['53009']
7a0533a0-3529-4134-944f-c8c15951e67d,local,['29005'],local,['29005']
e8089144-a95b-4e84-8a30-1146cb9a19b5,international,"['ISR', 'QAT']",international,['ISR']
4fcf49b7-c8c9-405a-8ec3-b5f70bf6fab0,international,"['ISR', 'QAT']",international,"['ISR', 'PSE']"
c28bfd7e4c,none,['none'],none,['none']
eb9b3dea14,none,['none'],none,['none']
5aba2e1299,none,['none'],none,['none']
f9cdbbf82a,none,['none'],none,['none']
734de7c6f5,none,['none'],none,['none']
1ba3a42a82,none,['none'],none,['none']
2a901948f7,none,['none'],none,['none']
ff2ec3fe68,none,['none'],none,['none']
82acd06155,none,['none'],none,['none']
a11dd28b57,none,['none'],none,['none']
78ebe314ba,none,['none'],none,['none']
c6bd1a17f6,none,['none'],none,['none']
8c31f70c05,none,['none'],none,['none']
5c064bbfc0,none,['none'],none,['none']
9d99244416,none,['none'],none,['none']
bbfeb370-5708-4b92-84c0-8949ae3b8be6,state,['Connecticut'],state,['Connecticut']
2f80b075-47c7-4506-93fd-ddf39edd2547,state,['Florida'],state,['Florida']
ba212192ca,none,['none'],none,['none']
b447ca1776,none,['none'],none,['none']
1c2830c230,none,['none'],none,['none']
db83fb4d-d040-4ab7-a242-1231a27056c2,local,['17075'],local,['17075']
8afd5bdf-c525-4715-bb67-fc151461cbea,local,['06083'],local,['06083']
eb35109c2a,none,['none'],none,['none']
17bbb558-df04-4205-a2d1-27b7da14054e,international,"['PSE', 'ISR']",international,"['ISR','PSE']"
8559f65ad9,state,['Wisconsin'],state,['Wisconsin']
05da9132-aa7f-4fde-a750-f4b055d232fd,international,"['PRK', 'KOR']",international,"['KOR', 'PRK']"
a45e1d76-d3fd-4ae1-bb5d-5f74b55cd831,international,"['PRK', 'KOR']",international,"['KOR', 'PRK']"
1b8e85f0-f2a1-4e2e-b1fd-60d270aeb894,local,['27131'],local,['27049']
a628f328ad,none,['none'],none,['none']
fa4a5684-b130-4849-9f20-a735f44e3f65,state,['Missouri'],state,['Missouri']
7e051956-8aeb-4fe8-b213-f74d8e2ab54c,state,['California'],state,['California']
d3da514e-fc44-43fb-a3f0-4245d13415bf,state,['Minnesota'],state,['Minnesota']
cb81c0fb-34de-49b6-a742-c7cbb68e4cda,international,"['RUS', 'UKR']",international,"['UKR', 'RUS']"
3c75fd48-8532-4214-880e-a71de698f5bb,state,['Missouri'],state,['Missouri']
b7a47e77-a8f7-40ef-ae61-9bb72091063c,state,['Minnesota'],state,['Minnesota']
69cf1bd4-75f9-47f9-ba58-ac3c3f452cab,national,['USA'],national,['USA']
c5bb3887e2,none,['none'],none,['none']
ef73b0e0fe,none,['none'],none,['none']
fbfb165228,none,['none'],none,['none']
367d67f2ca,none,['none'],none,['none']
8002a0a5-5672-4b9e-b7d0-e931f82dcd4c,state,['Alabama'],state,['Alabama']
358bb4a375,state,['Alabama'],none,['none']
ad92ac4a-a1cc-4e16-806a-48f728c0bac5,local,['13261'],local,['13261']
b8cba5f303,none,['none'],none,['none']
b177ee8a-ae9e-4624-ab29-19c71d2986cf,local,['13117'],local,['13117']
80292a7676,none,['none'],none,['none']
032b9aec-7e23-4724-ae47-e8eb27bec0cc,state,['California'],state,['California']
3444bad5d0,international,['TWN'],international,['TWN']
20d9ba9d46,state,['Oregon'],state,['Oregon']
6849c121-5401-4757-b7aa-b5f8f84afdf0,local,['08045'],local,['08045']
9fa77892-0890-4fc0-a9bf-aa62deef650a,national,['Nevada'],local,['08045']
61c8bc20-00ce-456e-aac9-c788e7ea0540,international,"['ARM', 'AZE']",international,['ARM']
e6735dd7-533e-48bd-95e4-14b54aaadc37,international,"['POL', 'BLR']",international,['POL']
87b97be507,international,"['POL', 'BLR']",international,['POL']
ce94ff0058,local,['39095'],international,['THA']
ae5a7b7e-8b1e-42ac-93b8-d6929c8521ec,national,['USA'],state,['Missouri']
30b64851cd,none,['none'],none,['none']
2db2dfe73b,none,['none'],none,['none']
cd4ef11a4e,none,['none'],none,['none']
ea5532c5-9737-4020-a158-8a035bbf1f5f,national,['Washington'],national,['USA']
0d0429dbd3,none,['none'],none,['none']
cfdbb6795d,none,['none'],none,['none']
9d373cb037,none,['none'],none,['none']
c1d848331d,none,['none'],none,['none']
02f0a7cc0b,national,['IND'],international,['IND']
181480f73c,none,['none'],none,['none']
5aae3b0512,state,['Oregon'],state,['Oregon']
f4ed8d5215,none,['none'],none,['none']
acac6fbfcf,none,['none'],none,['none']
13b066cde5,local,['06113'],none,['none']
8ebb539a4d,international,['ARM'],international,['ARM']
dda1e43b4c,none,['none'],none,['none']
dc5cbe54-43b2-4371-80bf-3d9899bdfedb,national,['USA'],national,['USA']
6bf90329-3e87-4dea-bafd-f350148ce7e1,state,['Alabama'],state,['Alabama']
3016a5ea69,international,['JPN'],international,['JPN']
897f277f-5d7a-45f4-be19-78df7c4a3aa5,international,['AFG'],international,['AFG']
503ef181-e236-48e3-8519-a85b466ebbe8,state,['Wisconsin'],state,['Wisconsin']
43e90d7bb1,international,['AUS'],international,['AUS']
326dcd4c-05e4-45d7-b7cf-03656083cca2,state,['Iowa'],state,['Iowa']
a8d33bf7-430f-4ea8-b00e-4004efd58490,international,"['JPN', 'CHN']",international,"['JPN', 'CHN']"
fc0a0473b3,none,['none'],none,['none']
9ae9252a-8c5a-44db-9247-1610a05eed4f,international,"['USA', 'RUS', 'UKR']",international,"['UKR', 'RUS']"
0cd26c901a,none,['none'],none,['none']
00c63272-fe00-4109-b6d1-c2b958e43f9f,none,['none'],national,['USA']
597cf193-af42-46e3-976e-c2018d9af83f,international,"['RUS', 'UKR']",international,"['UKR','RUS']"
ca311544fd,state,['California'],local,['06081']
ac5f9e48-2a1a-4dca-8035-e179eed74d1d,local,['04001'],state,['Arizona']
99d2af3b-ca52-486d-b702-e05c46a44c6d,state,['Arizona'],national,['USA']
9402133c-53bd-4adb-8c17-25e7d7987111,national,['USA'],national,['USA']
16a395b0-8579-4b9c-8f82-e195178c8ee0,national,"['36061', 'USA']",national,['USA']
2cbfca74-767e-4ed5-9892-12bc2f1a3f86,national,['USA'],national,['USA']
25e21771-30e2-493c-aa2e-cbd061b724ff,national,['New York'],national,['New York']
bc10781c-7d69-4af9-a9a6-091b637e81dd,national,['USA'],national,"['North Carolina', 'Georgia', 'Michigan', 'Pennsylvania', 'Wisconsin']"
9ded25a4-8715-4d40-b129-8e86770deffe,national,['USA'],national,['USA']
aab1df86-237a-4460-ae2d-9ea77991b49a,national,['USA'],national,['USA']
3b96e797-97c6-4587-82f5-f5ac2941a701,state,['Ohio'],national,['USA']
777230b2-5e07-4537-8302-a752bb56d3d6,national,['USA'],national,['USA']
8e4f05ce-980b-4526-9dc4-c58134ad193c,local,['55079'],national,['USA']
1a98798e5b,none,['none'],none,['none']
3af332de67,none,['none'],none,['none']
cb1a9d4b-69c2-40ee-89a3-15c11cc0486e,state,['Colorado'],state,['Colorado']
b3c0d151-531d-44aa-8ef7-92def429ed81,state,['Mississippi'],state,['Mississippi']
3ae3000b01,local,['06107'],local,['06107']
60fa029d-31c5-4e38-865d-375c0b425d62,international,['TUN'],international,['TUN']
35868a8395,international,['TUN'],international,['TUN']
8494d2216d,international,['TUN'],international,['TUN']
5ec3daa00b,none,['none'],none,['none']
f20304b532,none,['none'],none,['none']
1f2cd904-f82d-4650-b8c6-0311630a1587,national,['USA'],national,['USA']
6f47b848-28dd-4e5d-b575-fa725917ad99,state,['California'],state,['California']
cf98a670a7,national,['USA'],national,['USA']
cca85446-4ac0-4852-8493-0259db0a5aa3,international,"['RUS', 'UKR']",international,"['UKR', 'RUS', 'BLR']"
36567a03-effd-4d46-8c05-7cd2dc2f07f4,international,"['RUS', 'UKR']",international,"['UKR','RUS']"
47afbfcfc9,international,['UKR'],international,['UKR']
e524e60f-aca5-4de9-812e-3ed0aa5a0475,international,"['RUS', 'UKR']",international,['UKR']
b95ffb22-0d2b-4af4-b25b-aeb0a7293dd5,international,"['RUS', 'UKR']",international,['UKR']
b290a292d1,international,"['USA',  'UKR']",international,['UKR']
0cd3612f-951b-4d22-8022-d5ec939e867e,international,"['RUS', 'UKR']",international,"['UKR','RUS']"
eea5620efd,none,['none'],none,['none']
bc19fdf2-a029-4b98-b01a-badb7ceea610,local,['28109'],local,['28109']
c7c6555c-d860-4c34-b018-5a541789fb96,local,['28041'],local,['28041']
d1e3c65e-9f65-4802-9ac2-8e7d2a1e0508,international,"['PSE', 'ISR']",international,"['PSE', 'ISR']"
bd0d2ad3-4bec-4179-902b-3224c4d56108,local,['17031'],national,['USA']
b1815025-d44e-4c91-9e94-b573fbb63e92,local,['24510'],local,['24005']
7a11cd3a-d386-442b-816e-55c8994f9099,national,['Delaware'],national,['Delaware']
6b9c254b-4ea7-4721-b217-a119ad97c17d,local,['08123'],local,['08123']
ae66853568,state,['California'],none,['none']
e8fbbbdf-9fce-463d-b264-eeae7b9fb0ea,national,['USA'],national,['USA']
f6e50e8d-ccad-48ac-95c1-eda620623d0b,national,['USA'],national,['USA']
9fa9f45a-bd23-46f9-8443-7a1b507e561b,national,['USA'],national,['USA']
2b1d8d28-4367-4e93-8fc3-ea9b2a8035b1,national,['USA'],national,['USA']
ace96068-3419-4a4b-8f22-d72e05e21d35,national,['USA'],national,['USA']
6a68b7a0-1b51-4417-aae2-da7325d354db,national,['USA'],national,['USA']
1ad19c78-c1c2-4ca8-9bd9-5958ca906f9d,national,['USA'],national,['USA']
f053039c-4e6e-477f-87ed-d4ca0a442a3a,national,['USA'],national,['USA']
22d1304e-276d-4700-a557-af18031147f1,state,['Louisiana'],national,['USA']
1eeb402a-463e-4bc9-8f5d-b91ecc1cb18f,national,['USA'],national,['USA']
dfb5adaf-4593-44af-8aba-74816aaa8570,local,['06067'],national,['USA']
9f6420b63c,international,['KWT'],international,['KWT']
5c8d7ee6-c564-40f5-b943-5e6e9841878d,national,['USA'],national,['New York']
a894dcfa-9ea2-4487-bb0a-b660e2a999b6,national,['USA'],national,['USA']
4bc55a5f3f,none,['none'],none,['none']
4bd31a45f4,none,['none'],none,['none']
69724087f4,international,['ITA'],international,['ITA']
b2e1e33195,international,['VEN'],international,['VEN']
c0488599-9017-49bc-8d67-580728914cd0,international,['PHL'],international,['PHL']
a94b5564c3,international,['VNM'],international,['VNM']
73128d7d-7f2c-41d8-be0b-d9306e874646,state,['Massachusetts'],state,['Massachusetts']
cc51cda6-07fd-4aba-b74e-6f79a2438a62,national,['USA'],national,['USA']
eb8232dd-2f80-4456-99c7-d34c3b75b3b8,national,['USA'],national,['USA']
13f77164-08a3-496e-a02b-4310dc120102,international,['ITA'],international,['ITA']
333be23a38,international,['ITA'],international,['ITA']
44d7479e-3c33-4af2-b599-7dc2d6f37d4d,local,['53011'],local,['53011']
c4f4c67f-fbba-470a-8b5c-d66f669cf425,local,['36117'],local,['36117']
0dd25b20-6c19-48cc-a2fe-2756e7f21c13,local,['36117'],local,['36117']
029dc638c5,international,"['USA', 'CAN']",none,['none']
33e37a9aa9,none,['none'],none,['none']
d46343d8-6a55-473e-8edf-9b1bedbda96d,international,"['PSE', 'ISR', 'QAT']",international,['ISR']
48b15a32-50ec-48ab-b7a7-a836a8d57e21,national,['Delaware'],national,['Delaware']
2bf952188f,none,['none'],none,['none']
0f5abfcc-ab6b-4ebd-9fba-b02f294882b2,national,['USA'],national,['USA']
7d1108450f,none,['none'],none,['none']
929db4dd-a6f7-46bc-ad31-aab844abfda0,local,['08031'],local,['08031']
3701b0e7dd,none,['none'],none,['none']
70239eb618,local,['06037'],none,['none']
768361702,state,['Minnesota'],state,['Minnesota']
17b994c0-78ce-4f5b-9f67-4c70b469f36d,international,"['PSE', 'ISR', 'QAT']",international,['ISR']
fdf825ee56,none,['none'],none,['none']
171f1d07-17da-4edb-994c-62bd117a9886,national,['USA'],national,['USA']
453c0f57-785a-4a83-acb4-a36842201ea7,national,['USA'],national,['USA']
9c455968-01b3-4704-bcb0-e3f944993f22,national,['USA'],national,['USA']
1a8e659ab5,local,['06113'],none,['none']
fe145d81-b915-4b42-aa22-43d98fbd48ea,national,['USA'],national,['USA']
852e0cf1-1b38-481f-8457-dfabdb4554d3,national,['USA'],national,['USA']
ad355965-02f2-4da6-b476-98c635a4f4b6,national,['USA'],national,['USA']
bc44e0be-8ff1-413e-a685-b18487ef7edc,national,['USA'],national,['USA']
932799b8-cd65-4fdc-8fed-0bdf4cbf40d1,state,['Arizona'],state,['Arizona']
21b85829-fac4-418b-aebc-2922df2ca855,national,['USA'],national,['USA']
6c169233-9e16-4d5f-8de8-6756f8ee0b5c,national,['USA'],national,['USA']
b9889f6c48,national,['Washington'],national,['District of Columbia']
a3363b2f-0e29-4b0d-ade2-472ace545b94,national,['California'],national,['California']
f3f3795e28,none,['none'],none,['none']
c3dc75c32b,none,['none'],none,['none']
2c20b40d-e001-4d5c-ac94-f81a2b74ab5a,national,['USA'],national,['USA']
071c7e67-dfcc-462d-8d3e-d72d5b1442f5,state,['Minnesota'],state,['Minnesota']
26c4413d-52a3-4bd8-9a2b-16d9394ad8c9,international,"['PRK', 'USA']",national,['USA']
72d0743d-01b7-4f6d-b9b0-0ad4366e2f5e,local,['28131'],local,['28131']
f67e4e43f9,local,['08057'],state,['Colorado']
b9e7a305-cf16-4f5b-b2b8-c1fab7951bd2,none,['none'],national,['California']
173348bf-b6e6-45ef-9a47-6c86b3744faa,local,['55025'],national,['55025']
85127391-ce63-48fd-8dac-5a163cf41749,none,['none'],national,['USA']
3d1cc021-70b4-4845-977a-0b64d9011f32,local,['48085'],national,['Texas']
7f658a40fe,international,['TWN'],international,['TWN']
85dbc333-d30f-4b37-b0be-297bd9ab511a,international,['ISR'],international,"['ISR','AFG']"
36347296-b9a6-4300-89d4-e8aa838f71d2,international,"['RUS', 'UKR']",international,['UKR']
19892c43-c636-4cd9-b119-ed548789e3eb,local,['28067'],local,['28067']
b8a1ce2a-9802-40db-9018-278f04b7425d,international,"['USA', 'PHL']",international,['PHL']
a938f941e1,none,['none'],none,['none']
ccf56786bc,none,['none'],none,['none']
0a47692b79,none,['none'],none,['none']
f40cc38938,none,['none'],none,['none']
b3eae29d5a,international,['ARM'],international,['ARM']
db345c23-1faf-4dfa-95f2-6acde5ddcf96,local,['06111'],local,['06111']
a61eb11da7,none,['none'],national,"['New York', 'New Jersey']"
6596d6a1-6563-4911-9b3f-f916c433e685,state,['Georgia'],state,['Georgia']
2e586abb-88a4-4f4e-9f2f-e2da358d3016,state,['Georgia'],state,['Georgia']
0136cae8-8106-47b5-99cb-a829082b55c7,international,['ISR'],international,"['PSE', 'ISR']"
01839684-a72b-4e52-b802-aa2aeee4d69f,local,['53011'],local,['53011']
05a1b873-d27d-47b6-b873-534ccc80b176,local,['53011'],local,['53011']
081d1308-ccab-4328-92b0-975cf4391ec3,local,['15009'],local,['15009']
0860efbc-801f-4f41-b7e2-66a9568ed9ab,international,"['LBN', 'ISR']",international,"['LBN', 'ISR']"
155bb9e7-8680-45f8-b96b-20a894d13a59,national,['42101'],national,['Pennsylvania']
1883b435-19de-494f-a658-796c7b20cdda,national,['32003'],national,['32003']
1a3972a8-ff7a-4a76-8205-b45b1a3f5249,international,['ISR'],international,['ISR']
1c6dbbd5-0e67-426a-b12a-2e0b2abe6e70,international,['GBR'],national,['USA']
1d346a9b-c66a-4670-be4f-5d128476fd7e,national,['USA'],national,['USA']
346a9d2e-bbad-4778-80f1-6a4651bd943f,local,['28149'],state,['Mississippi']
46eb4124-94b6-4784-baef-4e963800e9f6,international,['RUS'],international,['RUS']
49713cd0-6d99-4b6d-b299-a5974836c943,local,['02020'],local,['02020']
4dbdd0c5-146f-434d-b77d-b3fd4683de08,state,['Wyoming'],state,['Wyoming']
56c76317-9180-49cd-a047-132c6c100444,international,['LBN'],international,"['ISR', 'LBN']"
58d995cb-b706-4e98-8a64-39724b28079a,international,['CAN'],international,['CAN']
5debe7d0-a757-4ea7-a45b-a520632d706b,local,['06037'],local,['06037']
6a2e22a9-8600-4cde-bafa-ec304baffa97,local,['02020'],local,['02020']
6a39e6df-ea5a-4cf3-8d26-712d02b54aad,local,['New Mexico'],state,['New Mexico']
724549ff-2ba6-4328-8669-1c856652cb75,local,['25025'],local,['25025']
77ae50ec-7af5-46e7-9340-b6242c579d22,international,['USA'],national,['USA']
7c75c5e9-767e-4b01-9d60-c5cf84bd5b38,local,['06077'],local,['06077']
8450d9a5-36d1-4bc2-a9ac-a17ff9237bcd,national,['06001'],national,['06001']
865c7d36-2de0-4363-91e4-c70d8354313e,local,['35015'],local,['35015']
8952ea60-6e85-455f-940e-68cea879aacc,national,['USA'],national,['USA']
89a15211-43c1-457b-9ff9-dc753450a458,national,"['36061', 'New Jersey']",national,['36061']
8a49b124-1f44-41a4-a8cf-b76e67b70741,international,['ITA'],international,['ITA']
917fd635-3f2e-4218-b075-f6dac4d26822,international,"['EGY', 'QAT']",international,"['PSE', 'EGY', 'QAT','ISR']"
91f90981-a37b-4f9a-8a0e-69556e4f0fa9,national,['06111'],national,['California']
94bf805a-8075-4ef5-8e95-5a7b5d32bd08,international,['RUS'],international,['RUS']
96929ef5-e136-47f9-ac2b-ac88869e0c86,local,['06067'],local,['06067']
a0cd4ba8-91bb-4a64-ab1d-14725e57d52d,local,['Colorado'],state,['Colorado']
a431cdf2-c0fb-4de9-8978-409a4c2f1641,international,['36005'],national,['36005']
ab76b4a3-79bb-4c63-8bfe-48ce64e7decf,local,['15009'],local,['15009']
b3ead2d2-7f40-4c45-ad04-7318be58c140,national,['USA'],national,['USA']
b72034a1-9f7d-46b3-bebd-f224134dd499,international,"['CHN', 'JPN', 'USA']",international,['JPN']
b9c907c7-4b58-4c37-a0c4-74a012c9cc69,national,['Montana'],national,['Montana']
ba42ae54-670e-4ab9-be90-5828a45d2ccf,national,['12057'],national,['Florida']
bd0ab032-7409-4ec0-acc3-6cabbb12c0ed,international,['ISR'],international,['PSE']
c11fe55f-6c5c-45bc-83a2-60e61fd0a51c,international,['PRK'],international,['PRK']
c25e7224-b1a5-4862-8940-2c8888bb6c51,international,"['CHN', 'JPN', 'USA']",international,"['JPN', 'CHN']"
cfbf5fa6-4d33-49c4-866c-1e9463225359,international,"['THA', 'ISR']",international,['THA']
d4188692-7b7f-4920-91ea-6c4a84ce990b,local,['Nevada'],state,['Nevada']
d66e3eb0-8524-47f0-9d05-8e6b59a074c1,local,['06073'],local,['06073']
dca5fef9-0a06-4c6d-b64a-b65d44f867b3,national,"['48291', '48225']",national,['Texas']
ec655e59-9535-48d8-bf61-8662cf2af9fe,local,['06067'],local,['06067']
efc8d6ee-de51-49bc-a724-025df4c8456f,international,['NGA'],international,['NGA']
f19bf926-f69f-47a2-afc1-fd43fad21fbe,local,['06097'],local,['06097']
f20a3278-03f0-4a9a-9d0c-4c8be71c47dd,local,['19161'],local,['19161']
fe9a4f3c-eebc-4b99-95fe-3229a4118e0b,national,['08099'],national,['Colorado']
